traffic_precision,traffic_recall,traffic_f1,traffic_kappa,traffic_mcc,traffic_balanced_accuracy,traffic_hamming_loss,traffic_tnr,traffic_specificity,traffic_tpr,traffic_fpr,traffic_fnr,traffic_auc,device_precision,device_recall,device_f1,device_kappa,device_mcc,device_balanced_accuracy,device_hamming_loss,device_tnr,device_specificity,device_tpr,device_fpr,device_fnr,device_auc,traffic_accuracy,device_accuracy,traffic_loss,device_loss,test_memory_usage_MB,test_cpu_usage_percent,test_energy_usage_cpu_sec,model,round,train_time,test_time,test_per_sample,train_memory_usage_MB,train_cpu_usage_percent,train_energy_usage_cpu_sec,error
0.883996472,0.887607611,0.884415673,0.839938212,0.840474292,0.823006233,0.112392389,0.960872434,0.960872434,0.823006233,0.039127566,0.176993767,0.980249409,0.52542013,0.527950201,0.514447613,0.454066322,0.456965902,0.491347458,0.472049799,0.9318264,0.9318264,0.491347458,0.0681736,0.508652542,0.906873007,0.887607611,0.527950201,0.002408013,0.009151075,499.2070313,27.03412429,659.7628267,cnn,1,7202.580399,26.5448041,0.000234381,502.3750781,22.21069209,3144.170893,
0.90821296,0.90995541,0.908300387,0.872168544,0.872675812,0.863999572,0.09004459,0.968940373,0.968940373,0.863999572,0.031059627,0.136000428,0.986784619,0.595732057,0.58847733,0.583677513,0.5251723,0.527368459,0.566061842,0.41152267,0.940727923,0.940727923,0.566061842,0.059272077,0.433938158,0.927755536,0.90995541,0.58847733,0.001795652,0.007684881,818.1445313,14.62474576,384.7466447,cnn,2,7906.42673,27.60143399,0.000243711,769.2907031,20.13249153,3174.091021,
0.91867689,0.919253013,0.918394733,0.885635198,0.88608605,0.887696816,0.080746987,0.972366007,0.972366007,0.887696816,0.027633993,0.112303184,0.989510395,0.621643895,0.615054523,0.613256949,0.556206599,0.557681126,0.598869666,0.384945477,0.944635394,0.944635394,0.598869666,0.055364606,0.401130334,0.936944811,0.919253013,0.615054523,0.001574697,0.007055091,721.4609375,11.63446328,326.6530824,cnn,3,8398.592735,29.38521934,0.000259461,668.2871875,18.88536158,3152.866011,
0.925517464,0.925380778,0.924950586,0.894497247,0.894884912,0.903953151,0.074619222,0.974656336,0.974656336,0.903953151,0.025343664,0.096046849,0.990930293,0.640631485,0.635309699,0.63441472,0.579610767,0.580674355,0.620368275,0.364690301,0.947580036,0.947580036,0.620368275,0.052419964,0.379631725,0.943115482,0.925380778,0.635309699,0.00146538,0.006642802,974.6484375,15.33966102,474.505967,cnn,4,8711.208889,33.03502512,0.000291687,1024.953672,18.40327119,3186.442316,
0.932190574,0.931508543,0.931359431,0.903305481,0.903627768,0.919372758,0.068491457,0.976902088,0.976902088,0.919372758,0.023097912,0.080627242,0.991829567,0.656986651,0.652421527,0.651639105,0.599271258,0.600180929,0.636798913,0.347578473,0.950047781,0.950047781,0.636798913,0.049952219,0.363201087,0.94796028,0.931508543,0.652421527,0.001413752,0.006326806,794.09375,10.19367232,276.6478101,cnn,5,8597.898914,28.49059105,0.000251561,793.5550781,18.61387853,3179.960651,
0.93791133,0.937000574,0.936998716,0.911139559,0.911381964,0.931293251,0.062999426,0.978857641,0.978857641,0.931293251,0.021142359,0.068706749,0.992546994,0.673174107,0.669453887,0.668774673,0.618772309,0.619511102,0.651461977,0.330546113,0.952498499,0.952498499,0.651461977,0.047501501,0.348538023,0.952219291,0.937000574,0.669453887,0.001377678,0.006025341,928.578125,19.49163842,386.4811838,cnn,6,8380.342981,21.76580167,0.000192184,971.5345313,19.43599718,3227.862015,
0.941329957,0.940285197,0.940353837,0.915814022,0.916021192,0.937987299,0.059714803,0.98002901,0.98002901,0.937987299,0.01997099,0.062012701,0.993056859,0.685436025,0.682636528,0.681985941,0.634042262,0.634639661,0.664751266,0.317363472,0.954432772,0.954432772,0.664751266,0.045567228,0.335248734,0.955755243,0.940285197,0.682636528,0.001362695,0.005770275,542.1015625,13.36225989,353.7189405,cnn,7,8466.472968,28.33723307,0.000250207,493.5904688,23.27982768,3856.960124,
0.943634246,0.942580902,0.942685717,0.919065223,0.919236081,0.941841962,0.057419098,0.980829883,0.980829883,0.941841962,0.019170117,0.058158038,0.993522595,0.699571487,0.696401925,0.695660104,0.649849735,0.6505209,0.677356627,0.303598075,0.956415094,0.956415094,0.677356627,0.043584906,0.322643373,0.958675629,0.942580902,0.696401925,0.00133333,0.005565838,443.6523438,23.66225989,490.0736615,cnn,8,6639.06545,22.07985473,0.000194957,331.86875,26.04820904,3354.475892,
0.945680289,0.944708843,0.944817683,0.922060854,0.922203442,0.944919611,0.055291157,0.981529138,0.981529138,0.944919611,0.018470862,0.055080389,0.993915745,0.713730783,0.709884773,0.709294745,0.665629487,0.666367138,0.693103634,0.290115227,0.958420258,0.958420258,0.693103634,0.041579742,0.306896366,0.961537069,0.944708843,0.709884773,0.001301975,0.005385238,751.5546875,26.32033898,500.4601574,cnn,9,7035.173749,20.33408713,0.000179543,537.6064844,28.26680791,3885.248977,
0.948290161,0.947499007,0.947595324,0.925975334,0.926079764,0.948293748,0.052500993,0.982416017,0.982416017,0.948293748,0.017583983,0.051706252,0.994175331,0.722081349,0.718528983,0.717873485,0.67549901,0.676210947,0.701335777,0.281471017,0.959642833,0.959642833,0.701335777,0.040357167,0.298664223,0.963577916,0.947499007,0.718528983,0.001288125,0.005247235,397.0585938,13.58587571,332.277844,cnn,10,6460.533686,26.70174432,0.000235767,419.6635156,25.71580226,3235.691417,
,,,,,,,,,,,,,,,,,,,,,,,,,,,,,,,,,cnn,final,78062.94521,26.70174432,0.000235767,651.2725469,22.0992339,3339.776932,only integer scalar arrays can be converted to a scalar index
0.945086329,0.942775153,0.942459578,0.91920697,0.920326088,0.950713063,0.057224847,0.980166309,0.980166309,0.950713063,0.019833691,0.049286937,0.993533769,0.595622784,0.54526511,0.543298494,0.483404221,0.491094465,0.575793536,0.45473489,0.936121869,0.936121869,0.575793536,0.063878131,0.424206464,0.925623106,0.942775153,0.54526511,0.001302983,0.007670884,229.5390625,18.31435028,169.3630885,lstm,1,788.469842,10.463943,9.24E-05,313.0798438,15.54977684,253.828589,
0.959105539,0.958394773,0.958259083,0.941184729,0.941581306,0.96413473,0.041605227,0.985381566,0.985381566,0.96413473,0.014618434,0.03586527,0.995595903,0.676262947,0.637252218,0.637383871,0.586296748,0.591370509,0.664235983,0.362747782,0.948896517,0.948896517,0.664235983,0.051103483,0.335764017,0.951097315,0.958394773,0.637252218,0.000883947,0.006034545,199.0039063,12.63288136,93.67442916,lstm,2,778.1007743,9.405327082,8.30E-05,229.9810937,16.13418079,257.3227877,
0.965171626,0.965016997,0.964955181,0.950547801,0.950657281,0.969897871,0.034983003,0.987725312,0.987725312,0.969897871,0.012274688,0.030102129,0.99651482,0.736557216,0.720489162,0.718988708,0.679575403,0.68186398,0.739968485,0.279510838,0.960322949,0.960322949,0.739968485,0.039677051,0.260031515,0.971287453,0.965016997,0.720489162,0.000761915,0.004711888,204.3242188,12.95932203,100.6493192,lstm,3,759.2514772,12.31460404,0.000108733,145.5225781,17.84309605,276.5849472,
0.967883557,0.967851309,0.96780705,0.954555425,0.95460018,0.972380494,0.032148691,0.988729912,0.988729912,0.972380494,0.011270088,0.027619506,0.996981537,0.818524091,0.812582226,0.813763119,0.784082078,0.784678689,0.823659217,0.187417774,0.973037182,0.973037182,0.823659217,0.026962818,0.176340783,0.985885341,0.967851309,0.812582226,0.000702845,0.003374016,248.09375,13.51175141,137.6384135,lstm,4,983.3568542,12.91047263,0.000113995,150.0879688,16.79921469,337.0075301,
0.970017781,0.969961591,0.969931353,0.957526638,0.957574054,0.974019757,0.030038409,0.98940962,0.98940962,0.974019757,0.01059038,0.025980243,0.997356156,0.847788547,0.843733169,0.844291904,0.819947354,0.82041396,0.853569153,0.156266831,0.977518659,0.977518659,0.853569153,0.022481341,0.146430847,0.989947887,0.969961591,0.843733169,0.000649978,0.002648692,353.1171875,23.9959322,235.9126104,lstm,5,823.1354172,11.56060696,0.000102076,349.9290625,14.54490395,247.8459549,
0.972567841,0.972557503,0.972536915,0.96119722,0.961217832,0.976367339,0.027442497,0.990323903,0.990323903,0.976367339,0.009676097,0.023632661,0.997699327,0.872929021,0.868623902,0.869148923,0.848636342,0.849171032,0.878233884,0.131376098,0.981093175,0.981093175,0.878233884,0.018906825,0.121766116,0.991621967,0.972557503,0.868623902,0.000601673,0.002361065,350.9726563,10.61276836,75.59837647,lstm,6,791.9236615,8.274897337,7.31E-05,347.8267187,14.32957062,236.1737443,
0.97510814,0.975056289,0.975036063,0.964729414,0.964767066,0.978469268,0.024943711,0.991203538,0.991203538,0.978469268,0.008796462,0.021530732,0.998067117,0.892172875,0.887907819,0.888448564,0.870857987,0.871392124,0.897029803,0.112092181,0.983867401,0.983867401,0.897029803,0.016132599,0.102970197,0.992799477,0.975056289,0.887907819,0.000551597,0.002151347,230.3085938,8.400338983,52.02834302,lstm,7,791.5069945,7.592139959,6.70E-05,225.6302344,15.4029096,253.48789,
0.978727905,0.978720586,0.978708183,0.969910488,0.969923385,0.981614586,0.021279414,0.992496639,0.992496639,0.981614586,0.007503361,0.018385414,0.998495291,0.91035494,0.905584742,0.905745922,0.891219998,0.891939275,0.913653836,0.094415258,0.986411438,0.986411438,0.913653836,0.013588562,0.086346164,0.993814218,0.978720586,0.905584742,0.000487615,0.001943332,204.8398438,16.96180791,216.9930594,lstm,8,790.9747272,14.89519048,0.000131519,230.4259375,18.04530508,288.3780309,
0.981441036,0.981448943,0.981440418,0.973768916,0.973772286,0.984001495,0.018551057,0.993464661,0.993464661,0.984001495,0.006535339,0.015998505,0.998836643,0.924503765,0.920542139,0.920459347,0.908457624,0.909119214,0.928229873,0.079457861,0.988565078,0.988565078,0.928229873,0.011434922,0.071770127,0.995035243,0.981448943,0.920542139,0.000430096,0.001738452,241.0625,11.37276836,66.65836383,lstm,9,787.0102143,7.860857248,6.94E-05,176.5284375,19.00151695,301.578554,
0.983235105,0.983232528,0.98322425,0.976290338,0.976297922,0.985482105,0.016767472,0.994092051,0.994092051,0.985482105,0.005907949,0.014517895,0.999068893,0.934711396,0.930095802,0.929860339,0.919458052,0.920273623,0.937041696,0.069904198,0.989936374,0.989936374,0.937041696,0.010063626,0.062958304,0.996631334,0.983232528,0.930095802,0.000384208,0.001557319,229.1640625,29.70531073,405.8787915,lstm,10,772.1076741,15.84682655,0.000139922,203.5011719,16.01937571,253.4751265,
,,,,,,,,,,,,,,,,,,,,,,,,,,,,,,,,,lstm,final,8177.468217,15.84682655,0.000139922,237.2513047,16.36698503,270.5683155,only integer scalar arrays can be converted to a scalar index
0.945572144,0.943728754,0.943341675,0.920614388,0.921532128,0.951695408,0.056271246,0.980736027,0.980736027,0.951695408,0.019263973,0.048304592,0.993869686,0.610515872,0.560434418,0.556859088,0.500499904,0.508648681,0.591143315,0.439565582,0.938277104,0.938277104,0.591143315,0.061722896,0.408856685,0.93530096,0.943728754,0.560434418,0.001214483,0.007021018,233.015625,12.50587571,77.63056311,bilstm,1,1343.866839,7.640788078,6.75E-05,165.91625,16.58366102,454.2124158,
0.958474789,0.957529469,0.957391262,0.939959497,0.940456086,0.963370545,0.042470531,0.98506992,0.98506992,0.963370545,0.01493008,0.036629455,0.995813228,0.700207396,0.66025341,0.655506509,0.611695422,0.617464709,0.686228058,0.33974659,0.95193543,0.95193543,0.686228058,0.04806457,0.313771942,0.957021252,0.957529469,0.66025341,0.000876929,0.005668232,199.828125,17.24474576,258.1776376,bilstm,2,1400.279653,17.30902362,0.000152832,183.5052344,16.70927401,475.6539239,
0.964431773,0.964275308,0.964206739,0.949499832,0.94961483,0.969225273,0.035724692,0.98746827,0.98746827,0.969225273,0.01253173,0.030774727,0.99658046,0.729908087,0.710873692,0.709240511,0.668536411,0.67133262,0.734401805,0.289126308,0.958832887,0.958832887,0.734401805,0.041167113,0.265598195,0.974152293,0.964275308,0.710873692,0.000757529,0.004535964,355.6132813,12.16632768,114.9923253,bilstm,3,1411.25927,10.71844101,9.46E-05,334.9909375,17.07617232,492.4792691,
0.967966988,0.967913116,0.967864598,0.954639887,0.954697919,0.97237985,0.032086884,0.988739055,0.988739055,0.97237985,0.011260945,0.02762015,0.997169495,0.797529793,0.790516975,0.790686179,0.758972467,0.759894291,0.805184831,0.209483025,0.969972193,0.969972193,0.805184831,0.030027807,0.194815169,0.983166898,0.967913116,0.790516975,0.000681285,0.003667463,252.0664063,11.78677966,104.7215355,bilstm,4,1329.088847,10.69231033,9.44E-05,195.8604687,16.09479944,435.302242,
0.970434753,0.970411902,0.970376761,0.958166019,0.958202869,0.974541465,0.029588098,0.989581513,0.989581513,0.974541465,0.010418487,0.025458535,0.997552908,0.842552205,0.837031478,0.837650908,0.812215063,0.812912841,0.846722124,0.162968522,0.976551707,0.976551707,0.846722124,0.023448293,0.153277876,0.988288489,0.970411902,0.837031478,0.000624778,0.00289427,254.1289063,11.62610169,115.5989426,bilstm,5,1341.809747,11.97579432,0.000105742,235.0457812,15.35957627,423.7639486,
0.97297479,0.972937177,0.972909415,0.96173449,0.961772006,0.97668538,0.027062823,0.990463122,0.990463122,0.97668538,0.009536878,0.02331462,0.997864262,0.859036505,0.850646771,0.851692411,0.827912019,0.82898861,0.860305148,0.149353229,0.978509196,0.978509196,0.860305148,0.021490804,0.139694852,0.99033893,0.972937177,0.850646771,0.000578196,0.002528154,209.0625,8.980338983,93.28729256,bilstm,6,1330.069044,11.68496823,0.000103174,210.7903906,15.77340113,428.0806237,
0.975045952,0.97503863,0.975019002,0.964705297,0.964723851,0.978472823,0.02496137,0.991202252,0.991202252,0.978472823,0.008797748,0.021527177,0.998145527,0.873684131,0.867096375,0.868001585,0.846856412,0.847645031,0.876090219,0.132903625,0.980867309,0.980867309,0.876090219,0.019132691,0.123909781,0.991708264,0.97503863,0.867096375,0.000536345,0.00234437,184.8125,18.31084746,237.941716,bilstm,7,1296.098397,15.06985664,0.000133061,183.8778906,16.99331921,447.7420372,
0.976505007,0.976504349,0.976487847,0.96677775,0.966791022,0.979726744,0.023495651,0.991720699,0.991720699,0.979726744,0.008279301,0.020273256,0.998382477,0.889868694,0.883590128,0.884342693,0.86586633,0.866657036,0.892048605,0.116409872,0.983240486,0.983240486,0.892048605,0.016759514,0.107951395,0.993100724,0.976504349,0.883590128,0.000499417,0.002198625,206.484375,27.72146893,525.7429036,bilstm,8,1358.602692,20.84692383,0.000184071,160.9167969,15.90154802,438.6287385,
0.977677468,0.97766986,0.97765416,0.968426053,0.968441455,0.980691391,0.02233014,0.992137415,0.992137415,0.980691391,0.007862585,0.019308609,0.998588883,0.908944265,0.905213898,0.905558729,0.890780824,0.891301561,0.912971161,0.094786102,0.986346915,0.986346915,0.912971161,0.013653085,0.087028839,0.994431227,0.97766986,0.905213898,0.000469191,0.002045427,240.6992188,11.2059887,140.0886021,bilstm,9,1374.599242,14.10554409,0.000124547,99.74203125,17.80511299,489.5438221,
0.979205013,0.979197386,0.979184224,0.970585396,0.970598873,0.981992638,0.020802614,0.992673646,0.992673646,0.981992638,0.007326354,0.018007362,0.998769344,0.926333777,0.921151384,0.921286289,0.909165278,0.909984499,0.929097927,0.078848616,0.988652001,0.988652001,0.929097927,0.011347999,0.070902073,0.995840454,0.979197386,0.921151384,0.00043916,0.001847028,230.9726563,10.3519774,109.3843785,bilstm,10,1493.773467,12.254601,0.000108204,168.1340625,15.49559887,469.3867339,
,,,,,,,,,,,,,,,,,,,,,,,,,,,,,,,,,bilstm,final,13812.13004,12.254601,0.000108204,193.8779844,16.37924633,455.4793755,only integer scalar arrays can be converted to a scalar index
0.974734622,0.974190985,0.974137658,0.963531051,0.963778205,0.977255418,0.025809015,0.99110373,0.99110373,0.977255418,0.00889627,0.022744582,0.998862507,0.895547873,0.87273851,0.874272489,0.853473987,0.856915484,0.880157845,0.12726149,0.981770616,0.981770616,0.880157845,0.018229384,0.119842155,0.993287692,0.974190985,0.87273851,0,0,318.5429688,13.2,390.177469,tf1cnn,1,897.5079856,31.07372451,0.00027437,620.5226563,28.116,5013.062163,
0.983358345,0.983276677,0.983256599,0.976363208,0.976405655,0.985559168,0.016723323,0.994229739,0.994229739,0.985559168,0.005770261,0.014440832,0.999461387,0.93960047,0.93157035,0.931345083,0.921175153,0.922501987,0.939379571,0.06842965,0.990160902,0.990160902,0.939379571,0.009839098,0.060620429,0.998580829,0.983276677,0.93157035,0,0,380.359375,13.8,429.2078467,tf1cnn,2,742.19327,32.2875874,0.000285088,289.075,30.746,4547.818052,
0.985455409,0.985439936,0.985428589,0.979417968,0.979429837,0.98746421,0.014560064,0.994954599,0.994954599,0.98746421,0.005045401,0.01253579,0.999591152,0.951102529,0.946510088,0.946500377,0.938386508,0.939143609,0.953879287,0.053489912,0.992312111,0.992312111,0.953879287,0.007687889,0.046120713,0.99889861,0.985439936,0.946510088,0,0,384.3828125,8.1,335.5246631,tf1cnn,3,799.5770023,42.49814439,0.000375243,307.0523438,30.904,4934.374317,
0.986802823,0.986755552,0.986745107,0.981276362,0.981301494,0.98851593,0.013244448,0.995404654,0.995404654,0.98851593,0.004595346,0.01148407,0.99966665,0.951161725,0.949865348,0.949823746,0.942209449,0.94241729,0.954855598,0.050134652,0.992754009,0.992754009,0.954855598,0.007245991,0.045144402,0.999077323,0.986755552,0.949865348,0,0,698.8828125,8,279.5958195,tf1cnn,4,945.6552439,36.00329542,0.000317896,582.0328125,27.394,5175.962433,
0.989719111,0.989695819,0.989690641,0.985432833,0.985444258,0.990968168,0.010304181,0.996443711,0.996443711,0.990968168,0.003556289,0.009031832,0.999780896,0.96060675,0.957158624,0.957054997,0.950630059,0.951200177,0.962001114,0.042841376,0.993839227,0.993839227,0.962001114,0.006160773,0.037998886,0.999352385,0.989695819,0.957158624,0,0,795.1953125,21.2,773.0014588,tf1cnn,5,964.1474736,38.02364731,0.000335735,727.0703125,27.404,5277.085302,
0.993518209,0.993466072,0.993462783,0.99076236,0.990784652,0.994154424,0.006533928,0.997765172,0.997765172,0.994154424,0.002234828,0.005845576,0.999924505,0.977587667,0.976937001,0.976899461,0.973406574,0.973518185,0.978332075,0.023062999,0.996673941,0.996673941,0.978332075,0.003326059,0.021667925,0.999682484,0.993466072,0.976937001,0,0,718.2851563,7.8,279.4081505,tf1cnn,6,1008.436424,37.02862787,0.000326949,792.8507813,27.456,5525.007444,
0.996232345,0.996212088,0.996212246,0.994644855,0.994651025,0.996623877,0.003787912,0.99874239,0.99874239,0.996623877,0.00125761,0.003376123,0.999957418,0.976914929,0.975303519,0.975254574,0.971528063,0.971789908,0.976661388,0.024696481,0.996468262,0.996468262,0.976661388,0.003531738,0.023338612,0.999774593,0.996212088,0.975303519,0,0,843.1601563,12.5,515.5635595,tf1cnn,7,1020.385917,42.3452096,0.000373893,810.9296875,28.076,5723.047098,
0.997015017,0.996997925,0.996998733,0.995755791,0.995760334,0.997322273,0.003002075,0.999016769,0.999016769,0.997322273,0.000983231,0.002677727,0.999963402,0.970137947,0.96783365,0.967713845,0.962909108,0.963291797,0.96891769,0.03216635,0.995380857,0.995380857,0.96891769,0.004619143,0.03108231,0.999767983,0.996997925,0.96783365,0,0,696.0546875,15.2,627.0391932,tf1cnn,8,1167.831394,42.33730721,0.000373823,806.4945313,25.856,6037.932235,
0.997477527,0.997465896,0.997467667,0.996417426,0.996418934,0.997639264,0.002534104,0.999187706,0.999187706,0.997639264,0.000812294,0.002360736,0.999968131,0.967926604,0.96446956,0.964300512,0.959028546,0.959601456,0.965599565,0.03553044,0.994893835,0.994893835,0.965599565,0.005106165,0.034400435,0.999864561,0.997465896,0.96446956,0,0,901.2578125,17.6,724.9314838,tf1cnn,9,1286.34867,42.17520785,0.000372392,817.965625,24.95,6356.234013,
0.997364082,0.99735111,0.997352166,0.996255033,0.996258001,0.997565258,0.00264889,0.999137216,0.999137216,0.997565258,0.000862784,0.002434742,0.999966252,0.975266014,0.972425058,0.972271598,0.968205492,0.968684538,0.973344716,0.027574942,0.996049534,0.996049534,0.973344716,0.003950466,0.026655284,0.999920379,0.99735111,0.972425058,0,0,989.828125,20.3,744.9219245,tf1cnn,10,1292.681072,37.93617034,0.000334962,948.3507813,24.132,6218.139358,
,,,,,,,,,,,,,,,,,,,,,,,,,,,,,,,,,tf1cnn,final,10508.1707,37.93617034,0.000334962,670.2344531,27.5034,5480.866242,"You called `set_weights(weights)` on layer 'functional_6' with a weight list of length 0, but the layer was expecting 10 weights."
