model,client,communication_round,epoch,epsilon,,,,T,Epsilon,IDS-AUC-ROC,DI-AUC-ROC,IDS-FPR,DI-FPR,IDS-loss,DI-loss
cnn,client_0,1,1,0.078259388,,,,1,0.1789,0.998862507,0.993287692,0.00889627,0.018229384,0.000121448,0.000702102
cnn,client_0,1,2,0.110325425,,,,2,0.3219,0.999461387,0.998580829,0.005770261,0.009839098,8.76929E-05,0.000566823
cnn,client_0,1,3,0.135688243,,,,3,0.4227,0.999591152,0.99889861,0.005045401,0.007687889,7.57529E-05,0.000453596
cnn,client_0,1,4,0.157487112,,,,4,0.4959,0.99966665,0.999077323,0.004595346,0.007245991,6.81285E-05,0.000366746
cnn,client_0,1,5,0.176968641,,,,5,0.5915,0.999780896,0.999352385,0.003556289,0.006160773,6.24778E-05,0.000289427
cnn,client_0,1,6,0.194782781,,,,6,0.6478,0.999924505,0.999682484,0.002234828,0.003326059,5.78196E-05,0.000252815
cnn,client_0,1,7,0.211320481,,,,7,0.7099,0.999957418,0.999774593,0.00125761,0.003531738,5.36345E-05,0.000234437
cnn,client_0,1,8,0.226838978,,,,8,0.7679,0.999963402,0.999767983,0.000983231,0.004619143,4.99417E-05,0.000219863
cnn,client_0,1,9,0.241518504,,,,9,0.8227,0.999968131,0.999864561,0.000812294,0.005106165,4.69191E-05,0.000204543
cnn,client_0,1,10,0.255491187,,,,10,0.8746,0.999966252,0.999920379,0.000862784,0.003950466,4.3916E-05,0.000184703
cnn,client_1,1,1,0.078259388,,,,,,,,,,,
cnn,client_1,1,2,0.110325425,,,,,,,,,,,
cnn,client_1,1,3,0.135688243,,,,,,,,,,,
cnn,client_1,1,4,0.157487112,,,,,,,,,,,
cnn,client_1,1,5,0.176968641,,,,,,,,,,,
cnn,client_1,1,6,0.194782781,,,,,,,,,,,
cnn,client_1,1,7,0.211320481,,,,,,,,,,,
cnn,client_1,1,8,0.226838978,,,,,,,,,,,
cnn,client_1,1,9,0.241518504,,,,,,,,,,,
cnn,client_1,1,10,0.255491187,,,,,,,,,,,
cnn,client_2,1,1,0.078259388,,,,,,,,,,,
cnn,client_2,1,2,0.110325425,,,,,,,,,,,
cnn,client_2,1,3,0.135688243,,,,,,,,,,,
cnn,client_2,1,4,0.157487112,,,,,,,,,,,
cnn,client_2,1,5,0.176968641,,,,,,,,,,,
cnn,client_2,1,6,0.194782781,,,,,,,,,,,
cnn,client_2,1,7,0.211320481,,,,,,,,,,,
cnn,client_2,1,8,0.226838978,,,,,,,,,,,
cnn,client_2,1,9,0.241518504,,,,,,,,,,,
cnn,client_2,1,10,0.255491187,,,,,,,,,,,
cnn,client_3,1,1,0.078259388,,,,,,,,,,,
cnn,client_3,1,2,0.110325425,,,,,,,,,,,
cnn,client_3,1,3,0.135688243,,,,,,,,,,,
cnn,client_3,1,4,0.157487112,,,,,,,,,,,
cnn,client_3,1,5,0.176968641,,,,,,,,,,,
cnn,client_3,1,6,0.194782781,,,,,,,,,,,
cnn,client_3,1,7,0.211320481,,,,,,,,,,,
cnn,client_3,1,8,0.226838978,,,,,,,,,,,
cnn,client_3,1,9,0.241518504,,,,,,,,,,,
cnn,client_3,1,10,0.255491187,,,,,,,,,,,
cnn,client_4,1,1,0.078259388,,,,,,,,,,,
cnn,client_4,1,2,0.110325425,,,,,,,,,,,
cnn,client_4,1,3,0.135688243,,,,,,,,,,,
cnn,client_4,1,4,0.157487112,,,,,,,,,,,
cnn,client_4,1,5,0.176968641,,,,,,,,,,,
cnn,client_4,1,6,0.194782781,,,,,,,,,,,
cnn,client_4,1,7,0.211320481,,,,,,,,,,,
cnn,client_4,1,8,0.226838978,,,,,,,,,,,
cnn,client_4,1,9,0.241518504,,,,,,,,,,,
cnn,client_4,1,10,0.255491187,0.178868074,,,,,,,,,,
cnn,client_0,2,1,0.268857428,,,,,,,,,,,
cnn,client_0,2,2,0.281695667,,,,,,,,,,,
cnn,client_0,2,3,0.294068586,,,,,,,,,,,
cnn,client_0,2,4,0.306027248,,,,,,,,,,,
cnn,client_0,2,5,0.317613914,,,,,,,,,,,
cnn,client_0,2,6,0.328864043,,,,,,,,,,,
cnn,client_0,2,7,0.339807725,,,,,,,,,,,
cnn,client_0,2,8,0.350470785,,,,,,,,,,,
cnn,client_0,2,9,0.360875563,,,,,,,,,,,
cnn,client_0,2,10,0.371041554,,,,,,,,,,,
cnn,client_1,2,1,0.268857428,,,,,,,,,,,
cnn,client_1,2,2,0.281695667,,,,,,,,,,,
cnn,client_1,2,3,0.294068586,,,,,,,,,,,
cnn,client_1,2,4,0.306027248,,,,,,,,,,,
cnn,client_1,2,5,0.317613914,,,,,,,,,,,
cnn,client_1,2,6,0.328864043,,,,,,,,,,,
cnn,client_1,2,7,0.339807725,,,,,,,,,,,
cnn,client_1,2,8,0.350470785,,,,,,,,,,,
cnn,client_1,2,9,0.360875563,,,,,,,,,,,
cnn,client_1,2,10,0.371041554,,,,,,,,,,,
cnn,client_2,2,1,0.268857428,,,,,,,,,,,
cnn,client_2,2,2,0.281695667,,,,,,,,,,,
cnn,client_2,2,3,0.294068586,,,,,,,,,,,
cnn,client_2,2,4,0.306027248,,,,,,,,,,,
cnn,client_2,2,5,0.317613914,,,,,,,,,,,
cnn,client_2,2,6,0.328864043,,,,,,,,,,,
cnn,client_2,2,7,0.339807725,,,,,,,,,,,
cnn,client_2,2,8,0.350470785,,,,,,,,,,,
cnn,client_2,2,9,0.360875563,,,,,,,,,,,
cnn,client_2,2,10,0.371041554,,,,,,,,,,,
cnn,client_3,2,1,0.268857428,,,,,,,,,,,
cnn,client_3,2,2,0.281695667,,,,,,,,,,,
cnn,client_3,2,3,0.294068586,,,,,,,,,,,
cnn,client_3,2,4,0.306027248,,,,,,,,,,,
cnn,client_3,2,5,0.317613914,,,,,,,,,,,
cnn,client_3,2,6,0.328864043,,,,,,,,,,,
cnn,client_3,2,7,0.339807725,,,,,,,,,,,
cnn,client_3,2,8,0.350470785,,,,,,,,,,,
cnn,client_3,2,9,0.360875563,,,,,,,,,,,
cnn,client_3,2,10,0.371041554,,,,,,,,,,,
cnn,client_4,2,1,0.268857428,,,,,,,,,,,
cnn,client_4,2,2,0.281695667,,,,,,,,,,,
cnn,client_4,2,3,0.294068586,,,,,,,,,,,
cnn,client_4,2,4,0.306027248,,,,,,,,,,,
cnn,client_4,2,5,0.317613914,,,,,,,,,,,
cnn,client_4,2,6,0.328864043,,,,,,,,,,,
cnn,client_4,2,7,0.339807725,,,,,,,,,,,
cnn,client_4,2,8,0.350470785,,,,,,,,,,,
cnn,client_4,2,9,0.360875563,,,,,,,,,,,
cnn,client_4,2,10,0.371041554,0.321932251,,,,,,,,,,
cnn,client_0,3,1,0.380985896,,,,,,,,,,,
cnn,client_0,3,2,0.390723743,,,,,,,,,,,
cnn,client_0,3,3,0.400268579,,,,,,,,,,,
cnn,client_0,3,4,0.409632469,,,,,,,,,,,
cnn,client_0,3,5,0.418826251,,,,,,,,,,,
cnn,client_0,3,6,0.427859721,,,,,,,,,,,
cnn,client_0,3,7,0.436741749,,,,,,,,,,,
cnn,client_0,3,8,0.44548041,,,,,,,,,,,
cnn,client_0,3,9,0.454083086,,,,,,,,,,,
cnn,client_0,3,10,0.46255653,,,,,,,,,,,
cnn,client_1,3,1,0.380985896,,,,,,,,,,,
cnn,client_1,3,2,0.390723743,,,,,,,,,,,
cnn,client_1,3,3,0.400268579,,,,,,,,,,,
cnn,client_1,3,4,0.409632469,,,,,,,,,,,
cnn,client_1,3,5,0.418826251,,,,,,,,,,,
cnn,client_1,3,6,0.427859721,,,,,,,,,,,
cnn,client_1,3,7,0.436741749,,,,,,,,,,,
cnn,client_1,3,8,0.44548041,,,,,,,,,,,
cnn,client_1,3,9,0.454083086,,,,,,,,,,,
cnn,client_1,3,10,0.46255653,,,,,,,,,,,
cnn,client_2,3,1,0.380985896,,,,,,,,,,,
cnn,client_2,3,2,0.390723743,,,,,,,,,,,
cnn,client_2,3,3,0.400268579,,,,,,,,,,,
cnn,client_2,3,4,0.409632469,,,,,,,,,,,
cnn,client_2,3,5,0.418826251,,,,,,,,,,,
cnn,client_2,3,6,0.427859721,,,,,,,,,,,
cnn,client_2,3,7,0.436741749,,,,,,,,,,,
cnn,client_2,3,8,0.44548041,,,,,,,,,,,
cnn,client_2,3,9,0.454083086,,,,,,,,,,,
cnn,client_2,3,10,0.46255653,,,,,,,,,,,
cnn,client_3,3,1,0.380985896,,,,,,,,,,,
cnn,client_3,3,2,0.390723743,,,,,,,,,,,
cnn,client_3,3,3,0.400268579,,,,,,,,,,,
cnn,client_3,3,4,0.409632469,,,,,,,,,,,
cnn,client_3,3,5,0.418826251,,,,,,,,,,,
cnn,client_3,3,6,0.427859721,,,,,,,,,,,
cnn,client_3,3,7,0.436741749,,,,,,,,,,,
cnn,client_3,3,8,0.44548041,,,,,,,,,,,
cnn,client_3,3,9,0.454083086,,,,,,,,,,,
cnn,client_3,3,10,0.46255653,,,,,,,,,,,
cnn,client_4,3,1,0.380985896,,,,,,,,,,,
cnn,client_4,3,2,0.390723743,,,,,,,,,,,
cnn,client_4,3,3,0.400268579,,,,,,,,,,,
cnn,client_4,3,4,0.409632469,,,,,,,,,,,
cnn,client_4,3,5,0.418826251,,,,,,,,,,,
cnn,client_4,3,6,0.427859721,,,,,,,,,,,
cnn,client_4,3,7,0.436741749,,,,,,,,,,,
cnn,client_4,3,8,0.44548041,,,,,,,,,,,
cnn,client_4,3,9,0.454083086,,,,,,,,,,,
cnn,client_4,3,10,0.46255653,0.422715844,,,,,,,,,,
cnn,client_0,4,1,0.470906943,,,,,,,,,,,
cnn,client_0,4,2,0.479140061,,,,,,,,,,,
cnn,client_0,4,3,0.487261156,,,,,,,,,,,
cnn,client_0,4,4,0.495275136,,,,,,,,,,,
cnn,client_0,4,5,0.503186542,,,,,,,,,,,
cnn,client_0,4,6,0.510999601,,,,,,,,,,,
cnn,client_0,4,7,0.518718262,,,,,,,,,,,
cnn,client_0,4,8,0.52634621,,,,,,,,,,,
cnn,client_0,4,9,0.533886889,,,,,,,,,,,
cnn,client_0,4,10,0.541343529,,,,,,,,,,,
cnn,client_1,4,1,0.470906943,,,,,,,,,,,
cnn,client_1,4,2,0.479140061,,,,,,,,,,,
cnn,client_1,4,3,0.487261156,,,,,,,,,,,
cnn,client_1,4,4,0.495275136,,,,,,,,,,,
cnn,client_1,4,5,0.503186542,,,,,,,,,,,
cnn,client_1,4,6,0.510999601,,,,,,,,,,,
cnn,client_1,4,7,0.518718262,,,,,,,,,,,
cnn,client_1,4,8,0.52634621,,,,,,,,,,,
cnn,client_1,4,9,0.533886889,,,,,,,,,,,
cnn,client_1,4,10,0.541343529,,,,,,,,,,,
cnn,client_2,4,1,0.470906943,,,,,,,,,,,
cnn,client_2,4,2,0.479140061,,,,,,,,,,,
cnn,client_2,4,3,0.487261156,,,,,,,,,,,
cnn,client_2,4,4,0.495275136,,,,,,,,,,,
cnn,client_2,4,5,0.503186542,,,,,,,,,,,
cnn,client_2,4,6,0.510999601,,,,,,,,,,,
cnn,client_2,4,7,0.518718262,,,,,,,,,,,
cnn,client_2,4,8,0.52634621,,,,,,,,,,,
cnn,client_2,4,9,0.533886889,,,,,,,,,,,
cnn,client_2,4,10,0.541343529,,,,,,,,,,,
cnn,client_3,4,1,0.470906943,,,,,,,,,,,
cnn,client_3,4,2,0.479140061,,,,,,,,,,,
cnn,client_3,4,3,0.487261156,,,,,,,,,,,
cnn,client_3,4,4,0.495275136,,,,,,,,,,,
cnn,client_3,4,5,0.503186542,,,,,,,,,,,
cnn,client_3,4,6,0.510999601,,,,,,,,,,,
cnn,client_3,4,7,0.518718262,,,,,,,,,,,
cnn,client_3,4,8,0.52634621,,,,,,,,,,,
cnn,client_3,4,9,0.533886889,,,,,,,,,,,
cnn,client_3,4,10,0.541343529,,,,,,,,,,,
cnn,client_4,4,1,0.470906943,,,,,,,,,,,
cnn,client_4,4,2,0.479140061,,,,,,,,,,,
cnn,client_4,4,3,0.487261156,,,,,,,,,,,
cnn,client_4,4,4,0.495275136,,,,,,,,,,,
cnn,client_4,4,5,0.503186542,,,,,,,,,,,
cnn,client_4,4,6,0.510999601,,,,,,,,,,,
cnn,client_4,4,7,0.518718262,,,,,,,,,,,
cnn,client_4,4,8,0.52634621,,,,,,,,,,,
cnn,client_4,4,9,0.533886889,0.495879562,,,,,,,,,,
cnn,client_4,4,10,0.541343529,,,,,,,,,,,
cnn,client_0,5,1,0.548719172,,,,,,,,,,,
cnn,client_0,5,2,0.556016664,,,,,,,,,,,
cnn,client_0,5,3,0.56323871,,,,,,,,,,,
cnn,client_0,5,4,0.570387834,,,,,,,,,,,
cnn,client_0,5,5,0.57746643,,,,,,,,,,,
cnn,client_0,5,6,0.584476769,,,,,,,,,,,
cnn,client_0,5,7,0.591421001,,,,,,,,,,,
cnn,client_0,5,8,0.598301158,,,,,,,,,,,
cnn,client_0,5,9,0.605119166,,,,,,,,,,,
cnn,client_0,5,10,0.611876866,,,,,,,,,,,
cnn,client_1,5,1,0.548719172,,,,,,,,,,,
cnn,client_1,5,2,0.556016664,,,,,,,,,,,
cnn,client_1,5,3,0.56323871,,,,,,,,,,,
cnn,client_1,5,4,0.570387834,,,,,,,,,,,
cnn,client_1,5,5,0.57746643,,,,,,,,,,,
cnn,client_1,5,6,0.584476769,,,,,,,,,,,
cnn,client_1,5,7,0.591421001,,,,,,,,,,,
cnn,client_1,5,8,0.598301158,,,,,,,,,,,
cnn,client_1,5,9,0.605119166,,,,,,,,,,,
cnn,client_1,5,10,0.611876866,,,,,,,,,,,
cnn,client_2,5,1,0.548719172,,,,,,,,,,,
cnn,client_2,5,2,0.556016664,,,,,,,,,,,
cnn,client_2,5,3,0.56323871,,,,,,,,,,,
cnn,client_2,5,4,0.570387834,,,,,,,,,,,
cnn,client_2,5,5,0.57746643,,,,,,,,,,,
cnn,client_2,5,6,0.584476769,,,,,,,,,,,
cnn,client_2,5,7,0.591421001,,,,,,,,,,,
cnn,client_2,5,8,0.598301158,,,,,,,,,,,
cnn,client_2,5,9,0.605119166,,,,,,,,,,,
cnn,client_2,5,10,0.611876866,,,,,,,,,,,
cnn,client_3,5,1,0.548719172,,,,,,,,,,,
cnn,client_3,5,2,0.556016664,,,,,,,,,,,
cnn,client_3,5,3,0.56323871,,,,,,,,,,,
cnn,client_3,5,4,0.570387834,,,,,,,,,,,
cnn,client_3,5,5,0.57746643,,,,,,,,,,,
cnn,client_3,5,6,0.584476769,,,,,,,,,,,
cnn,client_3,5,7,0.591421001,,,,,,,,,,,
cnn,client_3,5,8,0.598301158,,,,,,,,,,,
cnn,client_3,5,9,0.605119166,,,,,,,,,,,
cnn,client_3,5,10,0.611876866,,,,,,,,,,,
cnn,client_4,5,1,0.548719172,,,,,,,,,,,
cnn,client_4,5,2,0.556016664,,,,,,,,,,,
cnn,client_4,5,3,0.56323871,,,,,,,,,,,
cnn,client_4,5,4,0.570387834,,,,,,,,,,,
cnn,client_4,5,5,0.57746643,,,,,,,,,,,
cnn,client_4,5,6,0.584476769,,,,,,,,,,,
cnn,client_4,5,7,0.591421001,,,,,,,,,,,
cnn,client_4,5,8,0.598301158,,,,,,,,,,,
cnn,client_4,5,9,0.605119166,,,,,,,,,,,
cnn,client_4,5,10,0.611876866,0.591529248,,,,,,,,,,
cnn,client_0,6,1,0.618576009,,,,,,,,,,,
cnn,client_0,6,2,0.62521824,,,,,,,,,,,
cnn,client_0,6,3,0.631805162,,,,,,,,,,,
cnn,client_0,6,4,0.638338272,,,,,,,,,,,
cnn,client_0,6,5,0.644819021,,,,,,,,,,,
cnn,client_0,6,6,0.65124878,,,,,,,,,,,
cnn,client_0,6,7,0.657628876,,,,,,,,,,,
cnn,client_0,6,8,0.66396057,,,,,,,,,,,
cnn,client_0,6,9,0.670245058,,,,,,,,,,,
cnn,client_0,6,10,0.676483526,,,,,,,,,,,
cnn,client_1,6,1,0.618576009,,,,,,,,,,,
cnn,client_1,6,2,0.62521824,,,,,,,,,,,
cnn,client_1,6,3,0.631805162,,,,,,,,,,,
cnn,client_1,6,4,0.638338272,,,,,,,,,,,
cnn,client_1,6,5,0.644819021,,,,,,,,,,,
cnn,client_1,6,6,0.65124878,,,,,,,,,,,
cnn,client_1,6,7,0.657628876,,,,,,,,,,,
cnn,client_1,6,8,0.66396057,,,,,,,,,,,
cnn,client_1,6,9,0.670245058,,,,,,,,,,,
cnn,client_1,6,10,0.676483526,,,,,,,,,,,
cnn,client_2,6,1,0.618576009,,,,,,,,,,,
cnn,client_2,6,2,0.62521824,,,,,,,,,,,
cnn,client_2,6,3,0.631805162,,,,,,,,,,,
cnn,client_2,6,4,0.638338272,,,,,,,,,,,
cnn,client_2,6,5,0.644819021,,,,,,,,,,,
cnn,client_2,6,6,0.65124878,,,,,,,,,,,
cnn,client_2,6,7,0.657628876,,,,,,,,,,,
cnn,client_2,6,8,0.66396057,,,,,,,,,,,
cnn,client_2,6,9,0.670245058,,,,,,,,,,,
cnn,client_2,6,10,0.676483526,,,,,,,,,,,
cnn,client_3,6,1,0.618576009,,,,,,,,,,,
cnn,client_3,6,2,0.62521824,,,,,,,,,,,
cnn,client_3,6,3,0.631805162,,,,,,,,,,,
cnn,client_3,6,4,0.638338272,,,,,,,,,,,
cnn,client_3,6,5,0.644819021,,,,,,,,,,,
cnn,client_3,6,6,0.65124878,,,,,,,,,,,
cnn,client_3,6,7,0.657628876,,,,,,,,,,,
cnn,client_3,6,8,0.66396057,,,,,,,,,,,
cnn,client_3,6,9,0.670245058,,,,,,,,,,,
cnn,client_3,6,10,0.676483526,,,,,,,,,,,
cnn,client_4,6,1,0.618576009,,,,,,,,,,,
cnn,client_4,6,2,0.62521824,,,,,,,,,,,
cnn,client_4,6,3,0.631805162,,,,,,,,,,,
cnn,client_4,6,4,0.638338272,,,,,,,,,,,
cnn,client_4,6,5,0.644819021,,,,,,,,,,,
cnn,client_4,6,6,0.65124878,,,,,,,,,,,
cnn,client_4,6,7,0.657628876,,,,,,,,,,,
cnn,client_4,6,8,0.66396057,,,,,,,,,,,
cnn,client_4,6,9,0.670245058,,,,,,,,,,,
cnn,client_4,6,10,0.676483526,0.647832351,,,,,,,,,,
cnn,client_0,7,1,0.682677059,,,,,,,,,,,
cnn,client_0,7,2,0.688826729,,,,,,,,,,,
cnn,client_0,7,3,0.694933575,,,,,,,,,,,
cnn,client_0,7,4,0.700998567,,,,,,,,,,,
cnn,client_0,7,5,0.707022666,,,,,,,,,,,
cnn,client_0,7,6,0.713006771,,,,,,,,,,,
cnn,client_0,7,7,0.718951768,,,,,,,,,,,
cnn,client_0,7,8,0.724858508,,,,,,,,,,,
cnn,client_0,7,9,0.730727783,,,,,,,,,,,
cnn,client_0,7,10,0.736560416,,,,,,,,,,,
cnn,client_1,7,1,0.682677059,,,,,,,,,,,
cnn,client_1,7,2,0.688826729,,,,,,,,,,,
cnn,client_1,7,3,0.694933575,,,,,,,,,,,
cnn,client_1,7,4,0.700998567,,,,,,,,,,,
cnn,client_1,7,5,0.707022666,,,,,,,,,,,
cnn,client_1,7,6,0.713006771,,,,,,,,,,,
cnn,client_1,7,7,0.718951768,,,,,,,,,,,
cnn,client_1,7,8,0.724858508,,,,,,,,,,,
cnn,client_1,7,9,0.730727783,,,,,,,,,,,
cnn,client_1,7,10,0.736560416,,,,,,,,,,,
cnn,client_2,7,1,0.682677059,,,,,,,,,,,
cnn,client_2,7,2,0.688826729,,,,,,,,,,,
cnn,client_2,7,3,0.694933575,,,,,,,,,,,
cnn,client_2,7,4,0.700998567,,,,,,,,,,,
cnn,client_2,7,5,0.707022666,,,,,,,,,,,
cnn,client_2,7,6,0.713006771,,,,,,,,,,,
cnn,client_2,7,7,0.718951768,,,,,,,,,,,
cnn,client_2,7,8,0.724858508,,,,,,,,,,,
cnn,client_2,7,9,0.730727783,,,,,,,,,,,
cnn,client_2,7,10,0.736560416,,,,,,,,,,,
cnn,client_3,7,1,0.682677059,,,,,,,,,,,
cnn,client_3,7,2,0.688826729,,,,,,,,,,,
cnn,client_3,7,3,0.694933575,,,,,,,,,,,
cnn,client_3,7,4,0.700998567,,,,,,,,,,,
cnn,client_3,7,5,0.707022666,,,,,,,,,,,
cnn,client_3,7,6,0.713006771,,,,,,,,,,,
cnn,client_3,7,7,0.718951768,,,,,,,,,,,
cnn,client_3,7,8,0.724858508,,,,,,,,,,,
cnn,client_3,7,9,0.730727783,,,,,,,,,,,
cnn,client_3,7,10,0.736560416,,,,,,,,,,,
cnn,client_4,7,1,0.682677059,,,,,,,,,,,
cnn,client_4,7,2,0.688826729,,,,,,,,,,,
cnn,client_4,7,3,0.694933575,,,,,,,,,,,
cnn,client_4,7,4,0.700998567,,,,,,,,,,,
cnn,client_4,7,5,0.707022666,,,,,,,,,,,
cnn,client_4,7,6,0.713006771,,,,,,,,,,,
cnn,client_4,7,7,0.718951768,,,,,,,,,,,
cnn,client_4,7,8,0.724858508,,,,,,,,,,,
cnn,client_4,7,9,0.730727783,,,,,,,,,,,
cnn,client_4,7,10,0.736560416,0.709856384,,,,,,,,,,
cnn,client_0,8,1,0.742357148,,,,,,,,,,,
cnn,client_0,8,2,0.748118713,,,,,,,,,,,
cnn,client_0,8,3,0.753845802,,,,,,,,,,,
cnn,client_0,8,4,0.759539133,,,,,,,,,,,
cnn,client_0,8,5,0.765199345,,,,,,,,,,,
cnn,client_0,8,6,0.770827091,,,,,,,,,,,
cnn,client_0,8,7,0.776422973,,,,,,,,,,,
cnn,client_0,8,8,0.781987614,,,,,,,,,,,
cnn,client_0,8,9,0.787521584,,,,,,,,,,,
cnn,client_0,8,10,0.793025438,,,,,,,,,,,
cnn,client_1,8,1,0.742357148,,,,,,,,,,,
cnn,client_1,8,2,0.748118713,,,,,,,,,,,
cnn,client_1,8,3,0.753845802,,,,,,,,,,,
cnn,client_1,8,4,0.759539133,,,,,,,,,,,
cnn,client_1,8,5,0.765199345,,,,,,,,,,,
cnn,client_1,8,6,0.770827091,,,,,,,,,,,
cnn,client_1,8,7,0.776422973,,,,,,,,,,,
cnn,client_1,8,8,0.781987614,,,,,,,,,,,
cnn,client_1,8,9,0.787521584,,,,,,,,,,,
cnn,client_1,8,10,0.793025438,,,,,,,,,,,
cnn,client_2,8,1,0.742357148,,,,,,,,,,,
cnn,client_2,8,2,0.748118713,,,,,,,,,,,
cnn,client_2,8,3,0.753845802,,,,,,,,,,,
cnn,client_2,8,4,0.759539133,,,,,,,,,,,
cnn,client_2,8,5,0.765199345,,,,,,,,,,,
cnn,client_2,8,6,0.770827091,,,,,,,,,,,
cnn,client_2,8,7,0.776422973,,,,,,,,,,,
cnn,client_2,8,8,0.781987614,,,,,,,,,,,
cnn,client_2,8,9,0.787521584,,,,,,,,,,,
cnn,client_2,8,10,0.793025438,,,,,,,,,,,
cnn,client_3,8,1,0.742357148,,,,,,,,,,,
cnn,client_3,8,2,0.748118713,,,,,,,,,,,
cnn,client_3,8,3,0.753845802,,,,,,,,,,,
cnn,client_3,8,4,0.759539133,,,,,,,,,,,
cnn,client_3,8,5,0.765199345,,,,,,,,,,,
cnn,client_3,8,6,0.770827091,,,,,,,,,,,
cnn,client_3,8,7,0.776422973,,,,,,,,,,,
cnn,client_3,8,8,0.781987614,,,,,,,,,,,
cnn,client_3,8,9,0.787521584,,,,,,,,,,,
cnn,client_3,8,10,0.793025438,,,,,,,,,,,
cnn,client_4,8,1,0.742357148,,,,,,,,,,,
cnn,client_4,8,2,0.748118713,,,,,,,,,,,
cnn,client_4,8,3,0.753845802,,,,,,,,,,,
cnn,client_4,8,4,0.759539133,,,,,,,,,,,
cnn,client_4,8,5,0.765199345,,,,,,,,,,,
cnn,client_4,8,6,0.770827091,,,,,,,,,,,
cnn,client_4,8,7,0.776422973,,,,,,,,,,,
cnn,client_4,8,8,0.781987614,,,,,,,,,,,
cnn,client_4,8,9,0.787521584,,,,,,,,,,,
cnn,client_4,8,10,0.793025438,0.767884484,,,,,,,,,,
cnn,client_0,9,1,0.798499733,,,,,,,,,,,
cnn,client_0,9,2,0.803945017,,,,,,,,,,,
cnn,client_0,9,3,0.809361758,,,,,,,,,,,
cnn,client_0,9,4,0.814750495,,,,,,,,,,,
cnn,client_0,9,5,0.820111699,,,,,,,,,,,
cnn,client_0,9,6,0.825445831,,,,,,,,,,,
cnn,client_0,9,7,0.83075336,,,,,,,,,,,
cnn,client_0,9,8,0.836034722,,,,,,,,,,,
cnn,client_0,9,9,0.841290366,,,,,,,,,,,
cnn,client_0,9,10,0.846520674,,,,,,,,,,,
cnn,client_1,9,1,0.798499733,,,,,,,,,,,
cnn,client_1,9,2,0.803945017,,,,,,,,,,,
cnn,client_1,9,3,0.809361758,,,,,,,,,,,
cnn,client_1,9,4,0.814750495,,,,,,,,,,,
cnn,client_1,9,5,0.820111699,,,,,,,,,,,
cnn,client_1,9,6,0.825445831,,,,,,,,,,,
cnn,client_1,9,7,0.83075336,,,,,,,,,,,
cnn,client_1,9,8,0.836034722,,,,,,,,,,,
cnn,client_1,9,9,0.841290366,,,,,,,,,,,
cnn,client_1,9,10,0.846520674,,,,,,,,,,,
cnn,client_2,9,1,0.798499733,,,,,,,,,,,
cnn,client_2,9,2,0.803945017,,,,,,,,,,,
cnn,client_2,9,3,0.809361758,,,,,,,,,,,
cnn,client_2,9,4,0.814750495,,,,,,,,,,,
cnn,client_2,9,5,0.820111699,,,,,,,,,,,
cnn,client_2,9,6,0.825445831,,,,,,,,,,,
cnn,client_2,9,7,0.83075336,,,,,,,,,,,
cnn,client_2,9,8,0.836034722,,,,,,,,,,,
cnn,client_2,9,9,0.841290366,,,,,,,,,,,
cnn,client_2,9,10,0.846520674,,,,,,,,,,,
cnn,client_3,9,1,0.798499733,,,,,,,,,,,
cnn,client_3,9,2,0.803945017,,,,,,,,,,,
cnn,client_3,9,3,0.809361758,,,,,,,,,,,
cnn,client_3,9,4,0.814750495,,,,,,,,,,,
cnn,client_3,9,5,0.820111699,,,,,,,,,,,
cnn,client_3,9,6,0.825445831,,,,,,,,,,,
cnn,client_3,9,7,0.83075336,,,,,,,,,,,
cnn,client_3,9,8,0.836034722,,,,,,,,,,,
cnn,client_3,9,9,0.841290366,,,,,,,,,,,
cnn,client_3,9,10,0.846520674,,,,,,,,,,,
cnn,client_4,9,1,0.798499733,,,,,,,,,,,
cnn,client_4,9,2,0.803945017,,,,,,,,,,,
cnn,client_4,9,3,0.809361758,,,,,,,,,,,
cnn,client_4,9,4,0.814750495,,,,,,,,,,,
cnn,client_4,9,5,0.820111699,,,,,,,,,,,
cnn,client_4,9,6,0.825445831,,,,,,,,,,,
cnn,client_4,9,7,0.83075336,,,,,,,,,,,
cnn,client_4,9,8,0.836034722,,,,,,,,,,,
cnn,client_4,9,9,0.841290366,,,,,,,,,,,
cnn,client_4,9,10,0.846520674,0.822671366,,,,,,,,,,
cnn,client_0,10,1,0.851726096,,,,,,,,,,,
cnn,client_0,10,2,0.856907011,,,,,,,,,,,
cnn,client_0,10,3,0.862063789,,,,,,,,,,,
cnn,client_0,10,4,0.867196866,,,,,,,,,,,
cnn,client_0,10,5,0.872306522,,,,,,,,,,,
cnn,client_0,10,6,0.877393184,,,,,,,,,,,
cnn,client_0,10,7,0.882457168,,,,,,,,,,,
cnn,client_0,10,8,0.887498835,,,,,,,,,,,
cnn,client_0,10,9,0.892518483,,,,,,,,,,,
cnn,client_0,10,10,0.897516468,,,,,,,,,,,
cnn,client_1,10,1,0.851726096,,,,,,,,,,,
cnn,client_1,10,2,0.856907011,,,,,,,,,,,
cnn,client_1,10,3,0.862063789,,,,,,,,,,,
cnn,client_1,10,4,0.867196866,,,,,,,,,,,
cnn,client_1,10,5,0.872306522,,,,,,,,,,,
cnn,client_1,10,6,0.877393184,,,,,,,,,,,
cnn,client_1,10,7,0.882457168,,,,,,,,,,,
cnn,client_1,10,8,0.887498835,,,,,,,,,,,
cnn,client_1,10,9,0.892518483,,,,,,,,,,,
cnn,client_1,10,10,0.897516468,,,,,,,,,,,
cnn,client_2,10,1,0.851726096,,,,,,,,,,,
cnn,client_2,10,2,0.856907011,,,,,,,,,,,
cnn,client_2,10,3,0.862063789,,,,,,,,,,,
cnn,client_2,10,4,0.867196866,,,,,,,,,,,
cnn,client_2,10,5,0.872306522,,,,,,,,,,,
cnn,client_2,10,6,0.877393184,,,,,,,,,,,
cnn,client_2,10,7,0.882457168,,,,,,,,,,,
cnn,client_2,10,8,0.887498835,,,,,,,,,,,
cnn,client_2,10,9,0.892518483,,,,,,,,,,,
cnn,client_2,10,10,0.897516468,,,,,,,,,,,
cnn,client_3,10,1,0.851726096,,,,,,,,,,,
cnn,client_3,10,2,0.856907011,,,,,,,,,,,
cnn,client_3,10,3,0.862063789,,,,,,,,,,,
cnn,client_3,10,4,0.867196866,,,,,,,,,,,
cnn,client_3,10,5,0.872306522,,,,,,,,,,,
cnn,client_3,10,6,0.877393184,,,,,,,,,,,
cnn,client_3,10,7,0.882457168,,,,,,,,,,,
cnn,client_3,10,8,0.887498835,,,,,,,,,,,
cnn,client_3,10,9,0.892518483,,,,,,,,,,,
cnn,client_3,10,10,0.897516468,,,,,,,,,,,
cnn,client_4,10,1,0.851726096,,,,,,,,,,,
cnn,client_4,10,2,0.856907011,,,,,,,,,,,
cnn,client_4,10,3,0.862063789,,,,,,,,,,,
cnn,client_4,10,4,0.867196866,,,,,,,,,,,
cnn,client_4,10,5,0.872306522,,,,,,,,,,,
cnn,client_4,10,6,0.877393184,,,,,,,,,,,
cnn,client_4,10,7,0.882457168,,,,,,,,,,,
cnn,client_4,10,8,0.887498835,,,,,,,,,,,
cnn,client_4,10,9,0.892518483,,,,,,,,,,,
cnn,client_4,10,10,0.897516468,0.874758442,,,,,,,,,,
lstm,client_0,1,1,0,,,,,,,,,,,
lstm,client_0,1,2,0,,,,,,,,,,,
lstm,client_0,1,3,0,,,,,,,,,,,
lstm,client_0,1,4,0,,,,,,,,,,,
lstm,client_0,1,5,0,,,,,,,,,,,
lstm,client_0,1,6,0,,,,,,,,,,,
lstm,client_0,1,7,0,,,,,,,,,,,
lstm,client_0,1,8,0,,,,,,,,,,,
lstm,client_0,1,9,0,,,,,,,,,,,
lstm,client_0,1,10,0,,,,,,,,,,,
lstm,client_1,1,1,0,,,,,,,,,,,
lstm,client_1,1,2,0,,,,,,,,,,,
lstm,client_1,1,3,0,,,,,,,,,,,
lstm,client_1,1,4,0,,,,,,,,,,,
lstm,client_1,1,5,0,,,,,,,,,,,
lstm,client_1,1,6,0,,,,,,,,,,,
lstm,client_1,1,7,0,,,,,,,,,,,
lstm,client_1,1,8,0,,,,,,,,,,,
lstm,client_1,1,9,0,,,,,,,,,,,
lstm,client_1,1,10,0,,,,,,,,,,,
lstm,client_2,1,1,0,,,,,,,,,,,
lstm,client_2,1,2,0,,,,,,,,,,,
lstm,client_2,1,3,0,,,,,,,,,,,
lstm,client_2,1,4,0,,,,,,,,,,,
lstm,client_2,1,5,0,,,,,,,,,,,
lstm,client_2,1,6,0,,,,,,,,,,,
lstm,client_2,1,7,0,,,,,,,,,,,
lstm,client_2,1,8,0,,,,,,,,,,,
lstm,client_2,1,9,0,,,,,,,,,,,
lstm,client_2,1,10,0,,,,,,,,,,,
lstm,client_3,1,1,0,,,,,,,,,,,
lstm,client_3,1,2,0,,,,,,,,,,,
lstm,client_3,1,3,0,,,,,,,,,,,
lstm,client_3,1,4,0,,,,,,,,,,,
lstm,client_3,1,5,0,,,,,,,,,,,
lstm,client_3,1,6,0,,,,,,,,,,,
lstm,client_3,1,7,0,,,,,,,,,,,
lstm,client_3,1,8,0,,,,,,,,,,,
lstm,client_3,1,9,0,,,,,,,,,,,
lstm,client_3,1,10,0,,,,,,,,,,,
lstm,client_4,1,1,0,,,,,,,,,,,
lstm,client_4,1,2,0,,,,,,,,,,,
lstm,client_4,1,3,0,,,,,,,,,,,
lstm,client_4,1,4,0,,,,,,,,,,,
lstm,client_4,1,5,0,,,,,,,,,,,
lstm,client_4,1,6,0,,,,,,,,,,,
lstm,client_4,1,7,0,,,,,,,,,,,
lstm,client_4,1,8,0,,,,,,,,,,,
lstm,client_4,1,9,0,,,,,,,,,,,
lstm,client_4,1,10,0,,,,,,,,,,,
lstm,client_0,2,1,0,,,,,,,,,,,
lstm,client_0,2,2,0,,,,,,,,,,,
lstm,client_0,2,3,0,,,,,,,,,,,
lstm,client_0,2,4,0,,,,,,,,,,,
lstm,client_0,2,5,0,,,,,,,,,,,
lstm,client_0,2,6,0,,,,,,,,,,,
lstm,client_0,2,7,0,,,,,,,,,,,
lstm,client_0,2,8,0,,,,,,,,,,,
lstm,client_0,2,9,0,,,,,,,,,,,
lstm,client_0,2,10,0,,,,,,,,,,,
lstm,client_1,2,1,0,,,,,,,,,,,
lstm,client_1,2,2,0,,,,,,,,,,,
lstm,client_1,2,3,0,,,,,,,,,,,
lstm,client_1,2,4,0,,,,,,,,,,,
lstm,client_1,2,5,0,,,,,,,,,,,
lstm,client_1,2,6,0,,,,,,,,,,,
lstm,client_1,2,7,0,,,,,,,,,,,
lstm,client_1,2,8,0,,,,,,,,,,,
lstm,client_1,2,9,0,,,,,,,,,,,
lstm,client_1,2,10,0,,,,,,,,,,,
lstm,client_2,2,1,0,,,,,,,,,,,
lstm,client_2,2,2,0,,,,,,,,,,,
lstm,client_2,2,3,0,,,,,,,,,,,
lstm,client_2,2,4,0,,,,,,,,,,,
lstm,client_2,2,5,0,,,,,,,,,,,
lstm,client_2,2,6,0,,,,,,,,,,,
lstm,client_2,2,7,0,,,,,,,,,,,
lstm,client_2,2,8,0,,,,,,,,,,,
lstm,client_2,2,9,0,,,,,,,,,,,
lstm,client_2,2,10,0,,,,,,,,,,,
lstm,client_3,2,1,0,,,,,,,,,,,
lstm,client_3,2,2,0,,,,,,,,,,,
lstm,client_3,2,3,0,,,,,,,,,,,
lstm,client_3,2,4,0,,,,,,,,,,,
lstm,client_3,2,5,0,,,,,,,,,,,
lstm,client_3,2,6,0,,,,,,,,,,,
lstm,client_3,2,7,0,,,,,,,,,,,
lstm,client_3,2,8,0,,,,,,,,,,,
lstm,client_3,2,9,0,,,,,,,,,,,
lstm,client_3,2,10,0,,,,,,,,,,,
lstm,client_4,2,1,0,,,,,,,,,,,
lstm,client_4,2,2,0,,,,,,,,,,,
lstm,client_4,2,3,0,,,,,,,,,,,
lstm,client_4,2,4,0,,,,,,,,,,,
lstm,client_4,2,5,0,,,,,,,,,,,
lstm,client_4,2,6,0,,,,,,,,,,,
lstm,client_4,2,7,0,,,,,,,,,,,
lstm,client_4,2,8,0,,,,,,,,,,,
lstm,client_4,2,9,0,,,,,,,,,,,
lstm,client_4,2,10,0,,,,,,,,,,,
lstm,client_0,3,1,0,,,,,,,,,,,
lstm,client_0,3,2,0,,,,,,,,,,,
lstm,client_0,3,3,0,,,,,,,,,,,
lstm,client_0,3,4,0,,,,,,,,,,,
lstm,client_0,3,5,0,,,,,,,,,,,
lstm,client_0,3,6,0,,,,,,,,,,,
lstm,client_0,3,7,0,,,,,,,,,,,
lstm,client_0,3,8,0,,,,,,,,,,,
lstm,client_0,3,9,0,,,,,,,,,,,
lstm,client_0,3,10,0,,,,,,,,,,,
lstm,client_1,3,1,0,,,,,,,,,,,
lstm,client_1,3,2,0,,,,,,,,,,,
lstm,client_1,3,3,0,,,,,,,,,,,
lstm,client_1,3,4,0,,,,,,,,,,,
lstm,client_1,3,5,0,,,,,,,,,,,
lstm,client_1,3,6,0,,,,,,,,,,,
lstm,client_1,3,7,0,,,,,,,,,,,
lstm,client_1,3,8,0,,,,,,,,,,,
lstm,client_1,3,9,0,,,,,,,,,,,
lstm,client_1,3,10,0,,,,,,,,,,,
lstm,client_2,3,1,0,,,,,,,,,,,
lstm,client_2,3,2,0,,,,,,,,,,,
lstm,client_2,3,3,0,,,,,,,,,,,
lstm,client_2,3,4,0,,,,,,,,,,,
lstm,client_2,3,5,0,,,,,,,,,,,
lstm,client_2,3,6,0,,,,,,,,,,,
lstm,client_2,3,7,0,,,,,,,,,,,
lstm,client_2,3,8,0,,,,,,,,,,,
lstm,client_2,3,9,0,,,,,,,,,,,
lstm,client_2,3,10,0,,,,,,,,,,,
lstm,client_3,3,1,0,,,,,,,,,,,
lstm,client_3,3,2,0,,,,,,,,,,,
lstm,client_3,3,3,0,,,,,,,,,,,
lstm,client_3,3,4,0,,,,,,,,,,,
lstm,client_3,3,5,0,,,,,,,,,,,
lstm,client_3,3,6,0,,,,,,,,,,,
lstm,client_3,3,7,0,,,,,,,,,,,
lstm,client_3,3,8,0,,,,,,,,,,,
lstm,client_3,3,9,0,,,,,,,,,,,
lstm,client_3,3,10,0,,,,,,,,,,,
lstm,client_4,3,1,0,,,,,,,,,,,
lstm,client_4,3,2,0,,,,,,,,,,,
lstm,client_4,3,3,0,,,,,,,,,,,
lstm,client_4,3,4,0,,,,,,,,,,,
lstm,client_4,3,5,0,,,,,,,,,,,
lstm,client_4,3,6,0,,,,,,,,,,,
lstm,client_4,3,7,0,,,,,,,,,,,
lstm,client_4,3,8,0,,,,,,,,,,,
lstm,client_4,3,9,0,,,,,,,,,,,
lstm,client_4,3,10,0,,,,,,,,,,,
lstm,client_0,4,1,0,,,,,,,,,,,
lstm,client_0,4,2,0,,,,,,,,,,,
lstm,client_0,4,3,0,,,,,,,,,,,
lstm,client_0,4,4,0,,,,,,,,,,,
lstm,client_0,4,5,0,,,,,,,,,,,
lstm,client_0,4,6,0,,,,,,,,,,,
lstm,client_0,4,7,0,,,,,,,,,,,
lstm,client_0,4,8,0,,,,,,,,,,,
lstm,client_0,4,9,0,,,,,,,,,,,
lstm,client_0,4,10,0,,,,,,,,,,,
lstm,client_1,4,1,0,,,,,,,,,,,
lstm,client_1,4,2,0,,,,,,,,,,,
lstm,client_1,4,3,0,,,,,,,,,,,
lstm,client_1,4,4,0,,,,,,,,,,,
lstm,client_1,4,5,0,,,,,,,,,,,
lstm,client_1,4,6,0,,,,,,,,,,,
lstm,client_1,4,7,0,,,,,,,,,,,
lstm,client_1,4,8,0,,,,,,,,,,,
lstm,client_1,4,9,0,,,,,,,,,,,
lstm,client_1,4,10,0,,,,,,,,,,,
lstm,client_2,4,1,0,,,,,,,,,,,
lstm,client_2,4,2,0,,,,,,,,,,,
lstm,client_2,4,3,0,,,,,,,,,,,
lstm,client_2,4,4,0,,,,,,,,,,,
lstm,client_2,4,5,0,,,,,,,,,,,
lstm,client_2,4,6,0,,,,,,,,,,,
lstm,client_2,4,7,0,,,,,,,,,,,
lstm,client_2,4,8,0,,,,,,,,,,,
lstm,client_2,4,9,0,,,,,,,,,,,
lstm,client_2,4,10,0,,,,,,,,,,,
lstm,client_3,4,1,0,,,,,,,,,,,
lstm,client_3,4,2,0,,,,,,,,,,,
lstm,client_3,4,3,0,,,,,,,,,,,
lstm,client_3,4,4,0,,,,,,,,,,,
lstm,client_3,4,5,0,,,,,,,,,,,
lstm,client_3,4,6,0,,,,,,,,,,,
lstm,client_3,4,7,0,,,,,,,,,,,
lstm,client_3,4,8,0,,,,,,,,,,,
lstm,client_3,4,9,0,,,,,,,,,,,
lstm,client_3,4,10,0,,,,,,,,,,,
lstm,client_4,4,1,0,,,,,,,,,,,
lstm,client_4,4,2,0,,,,,,,,,,,
lstm,client_4,4,3,0,,,,,,,,,,,
lstm,client_4,4,4,0,,,,,,,,,,,
lstm,client_4,4,5,0,,,,,,,,,,,
lstm,client_4,4,6,0,,,,,,,,,,,
lstm,client_4,4,7,0,,,,,,,,,,,
lstm,client_4,4,8,0,,,,,,,,,,,
lstm,client_4,4,9,0,,,,,,,,,,,
lstm,client_4,4,10,0,,,,,,,,,,,
lstm,client_0,5,1,0,,,,,,,,,,,
lstm,client_0,5,2,0,,,,,,,,,,,
lstm,client_0,5,3,0,,,,,,,,,,,
lstm,client_0,5,4,0,,,,,,,,,,,
lstm,client_0,5,5,0,,,,,,,,,,,
lstm,client_0,5,6,0,,,,,,,,,,,
lstm,client_0,5,7,0,,,,,,,,,,,
lstm,client_0,5,8,0,,,,,,,,,,,
lstm,client_0,5,9,0,,,,,,,,,,,
lstm,client_0,5,10,0,,,,,,,,,,,
lstm,client_1,5,1,0,,,,,,,,,,,
lstm,client_1,5,2,0,,,,,,,,,,,
lstm,client_1,5,3,0,,,,,,,,,,,
lstm,client_1,5,4,0,,,,,,,,,,,
lstm,client_1,5,5,0,,,,,,,,,,,
lstm,client_1,5,6,0,,,,,,,,,,,
lstm,client_1,5,7,0,,,,,,,,,,,
lstm,client_1,5,8,0,,,,,,,,,,,
lstm,client_1,5,9,0,,,,,,,,,,,
lstm,client_1,5,10,0,,,,,,,,,,,
lstm,client_2,5,1,0,,,,,,,,,,,
lstm,client_2,5,2,0,,,,,,,,,,,
lstm,client_2,5,3,0,,,,,,,,,,,
lstm,client_2,5,4,0,,,,,,,,,,,
lstm,client_2,5,5,0,,,,,,,,,,,
lstm,client_2,5,6,0,,,,,,,,,,,
lstm,client_2,5,7,0,,,,,,,,,,,
lstm,client_2,5,8,0,,,,,,,,,,,
lstm,client_2,5,9,0,,,,,,,,,,,
lstm,client_2,5,10,0,,,,,,,,,,,
lstm,client_3,5,1,0,,,,,,,,,,,
lstm,client_3,5,2,0,,,,,,,,,,,
lstm,client_3,5,3,0,,,,,,,,,,,
lstm,client_3,5,4,0,,,,,,,,,,,
lstm,client_3,5,5,0,,,,,,,,,,,
lstm,client_3,5,6,0,,,,,,,,,,,
lstm,client_3,5,7,0,,,,,,,,,,,
lstm,client_3,5,8,0,,,,,,,,,,,
lstm,client_3,5,9,0,,,,,,,,,,,
lstm,client_3,5,10,0,,,,,,,,,,,
lstm,client_4,5,1,0,,,,,,,,,,,
lstm,client_4,5,2,0,,,,,,,,,,,
lstm,client_4,5,3,0,,,,,,,,,,,
lstm,client_4,5,4,0,,,,,,,,,,,
lstm,client_4,5,5,0,,,,,,,,,,,
lstm,client_4,5,6,0,,,,,,,,,,,
lstm,client_4,5,7,0,,,,,,,,,,,
lstm,client_4,5,8,0,,,,,,,,,,,
lstm,client_4,5,9,0,,,,,,,,,,,
lstm,client_4,5,10,0,,,,,,,,,,,
lstm,client_0,6,1,0,,,,,,,,,,,
lstm,client_0,6,2,0,,,,,,,,,,,
lstm,client_0,6,3,0,,,,,,,,,,,
lstm,client_0,6,4,0,,,,,,,,,,,
lstm,client_0,6,5,0,,,,,,,,,,,
lstm,client_0,6,6,0,,,,,,,,,,,
lstm,client_0,6,7,0,,,,,,,,,,,
lstm,client_0,6,8,0,,,,,,,,,,,
lstm,client_0,6,9,0,,,,,,,,,,,
lstm,client_0,6,10,0,,,,,,,,,,,
lstm,client_1,6,1,0,,,,,,,,,,,
lstm,client_1,6,2,0,,,,,,,,,,,
lstm,client_1,6,3,0,,,,,,,,,,,
lstm,client_1,6,4,0,,,,,,,,,,,
lstm,client_1,6,5,0,,,,,,,,,,,
lstm,client_1,6,6,0,,,,,,,,,,,
lstm,client_1,6,7,0,,,,,,,,,,,
lstm,client_1,6,8,0,,,,,,,,,,,
lstm,client_1,6,9,0,,,,,,,,,,,
lstm,client_1,6,10,0,,,,,,,,,,,
lstm,client_2,6,1,0,,,,,,,,,,,
lstm,client_2,6,2,0,,,,,,,,,,,
lstm,client_2,6,3,0,,,,,,,,,,,
lstm,client_2,6,4,0,,,,,,,,,,,
lstm,client_2,6,5,0,,,,,,,,,,,
lstm,client_2,6,6,0,,,,,,,,,,,
lstm,client_2,6,7,0,,,,,,,,,,,
lstm,client_2,6,8,0,,,,,,,,,,,
lstm,client_2,6,9,0,,,,,,,,,,,
lstm,client_2,6,10,0,,,,,,,,,,,
lstm,client_3,6,1,0,,,,,,,,,,,
lstm,client_3,6,2,0,,,,,,,,,,,
lstm,client_3,6,3,0,,,,,,,,,,,
lstm,client_3,6,4,0,,,,,,,,,,,
lstm,client_3,6,5,0,,,,,,,,,,,
lstm,client_3,6,6,0,,,,,,,,,,,
lstm,client_3,6,7,0,,,,,,,,,,,
lstm,client_3,6,8,0,,,,,,,,,,,
lstm,client_3,6,9,0,,,,,,,,,,,
lstm,client_3,6,10,0,,,,,,,,,,,
lstm,client_4,6,1,0,,,,,,,,,,,
lstm,client_4,6,2,0,,,,,,,,,,,
lstm,client_4,6,3,0,,,,,,,,,,,
lstm,client_4,6,4,0,,,,,,,,,,,
lstm,client_4,6,5,0,,,,,,,,,,,
lstm,client_4,6,6,0,,,,,,,,,,,
lstm,client_4,6,7,0,,,,,,,,,,,
lstm,client_4,6,8,0,,,,,,,,,,,
lstm,client_4,6,9,0,,,,,,,,,,,
lstm,client_4,6,10,0,,,,,,,,,,,
lstm,client_0,7,1,0,,,,,,,,,,,
lstm,client_0,7,2,0,,,,,,,,,,,
lstm,client_0,7,3,0,,,,,,,,,,,
lstm,client_0,7,4,0,,,,,,,,,,,
lstm,client_0,7,5,0,,,,,,,,,,,
lstm,client_0,7,6,0,,,,,,,,,,,
lstm,client_0,7,7,0,,,,,,,,,,,
lstm,client_0,7,8,0,,,,,,,,,,,
lstm,client_0,7,9,0,,,,,,,,,,,
lstm,client_0,7,10,0,,,,,,,,,,,
lstm,client_1,7,1,0,,,,,,,,,,,
lstm,client_1,7,2,0,,,,,,,,,,,
lstm,client_1,7,3,0,,,,,,,,,,,
lstm,client_1,7,4,0,,,,,,,,,,,
lstm,client_1,7,5,0,,,,,,,,,,,
lstm,client_1,7,6,0,,,,,,,,,,,
lstm,client_1,7,7,0,,,,,,,,,,,
lstm,client_1,7,8,0,,,,,,,,,,,
lstm,client_1,7,9,0,,,,,,,,,,,
lstm,client_1,7,10,0,,,,,,,,,,,
lstm,client_2,7,1,0,,,,,,,,,,,
lstm,client_2,7,2,0,,,,,,,,,,,
lstm,client_2,7,3,0,,,,,,,,,,,
lstm,client_2,7,4,0,,,,,,,,,,,
lstm,client_2,7,5,0,,,,,,,,,,,
lstm,client_2,7,6,0,,,,,,,,,,,
lstm,client_2,7,7,0,,,,,,,,,,,
lstm,client_2,7,8,0,,,,,,,,,,,
lstm,client_2,7,9,0,,,,,,,,,,,
lstm,client_2,7,10,0,,,,,,,,,,,
lstm,client_3,7,1,0,,,,,,,,,,,
lstm,client_3,7,2,0,,,,,,,,,,,
lstm,client_3,7,3,0,,,,,,,,,,,
lstm,client_3,7,4,0,,,,,,,,,,,
lstm,client_3,7,5,0,,,,,,,,,,,
lstm,client_3,7,6,0,,,,,,,,,,,
lstm,client_3,7,7,0,,,,,,,,,,,
lstm,client_3,7,8,0,,,,,,,,,,,
lstm,client_3,7,9,0,,,,,,,,,,,
lstm,client_3,7,10,0,,,,,,,,,,,
lstm,client_4,7,1,0,,,,,,,,,,,
lstm,client_4,7,2,0,,,,,,,,,,,
lstm,client_4,7,3,0,,,,,,,,,,,
lstm,client_4,7,4,0,,,,,,,,,,,
lstm,client_4,7,5,0,,,,,,,,,,,
lstm,client_4,7,6,0,,,,,,,,,,,
lstm,client_4,7,7,0,,,,,,,,,,,
lstm,client_4,7,8,0,,,,,,,,,,,
lstm,client_4,7,9,0,,,,,,,,,,,
lstm,client_4,7,10,0,,,,,,,,,,,
lstm,client_0,8,1,0,,,,,,,,,,,
lstm,client_0,8,2,0,,,,,,,,,,,
lstm,client_0,8,3,0,,,,,,,,,,,
lstm,client_0,8,4,0,,,,,,,,,,,
lstm,client_0,8,5,0,,,,,,,,,,,
lstm,client_0,8,6,0,,,,,,,,,,,
lstm,client_0,8,7,0,,,,,,,,,,,
lstm,client_0,8,8,0,,,,,,,,,,,
lstm,client_0,8,9,0,,,,,,,,,,,
lstm,client_0,8,10,0,,,,,,,,,,,
lstm,client_1,8,1,0,,,,,,,,,,,
lstm,client_1,8,2,0,,,,,,,,,,,
lstm,client_1,8,3,0,,,,,,,,,,,
lstm,client_1,8,4,0,,,,,,,,,,,
lstm,client_1,8,5,0,,,,,,,,,,,
lstm,client_1,8,6,0,,,,,,,,,,,
lstm,client_1,8,7,0,,,,,,,,,,,
lstm,client_1,8,8,0,,,,,,,,,,,
lstm,client_1,8,9,0,,,,,,,,,,,
lstm,client_1,8,10,0,,,,,,,,,,,
lstm,client_2,8,1,0,,,,,,,,,,,
lstm,client_2,8,2,0,,,,,,,,,,,
lstm,client_2,8,3,0,,,,,,,,,,,
lstm,client_2,8,4,0,,,,,,,,,,,
lstm,client_2,8,5,0,,,,,,,,,,,
lstm,client_2,8,6,0,,,,,,,,,,,
lstm,client_2,8,7,0,,,,,,,,,,,
lstm,client_2,8,8,0,,,,,,,,,,,
lstm,client_2,8,9,0,,,,,,,,,,,
lstm,client_2,8,10,0,,,,,,,,,,,
lstm,client_3,8,1,0,,,,,,,,,,,
lstm,client_3,8,2,0,,,,,,,,,,,
lstm,client_3,8,3,0,,,,,,,,,,,
lstm,client_3,8,4,0,,,,,,,,,,,
lstm,client_3,8,5,0,,,,,,,,,,,
lstm,client_3,8,6,0,,,,,,,,,,,
lstm,client_3,8,7,0,,,,,,,,,,,
lstm,client_3,8,8,0,,,,,,,,,,,
lstm,client_3,8,9,0,,,,,,,,,,,
lstm,client_3,8,10,0,,,,,,,,,,,
lstm,client_4,8,1,0,,,,,,,,,,,
lstm,client_4,8,2,0,,,,,,,,,,,
lstm,client_4,8,3,0,,,,,,,,,,,
lstm,client_4,8,4,0,,,,,,,,,,,
lstm,client_4,8,5,0,,,,,,,,,,,
lstm,client_4,8,6,0,,,,,,,,,,,
lstm,client_4,8,7,0,,,,,,,,,,,
lstm,client_4,8,8,0,,,,,,,,,,,
lstm,client_4,8,9,0,,,,,,,,,,,
lstm,client_4,8,10,0,,,,,,,,,,,
lstm,client_0,9,1,0,,,,,,,,,,,
lstm,client_0,9,2,0,,,,,,,,,,,
lstm,client_0,9,3,0,,,,,,,,,,,
lstm,client_0,9,4,0,,,,,,,,,,,
lstm,client_0,9,5,0,,,,,,,,,,,
lstm,client_0,9,6,0,,,,,,,,,,,
lstm,client_0,9,7,0,,,,,,,,,,,
lstm,client_0,9,8,0,,,,,,,,,,,
lstm,client_0,9,9,0,,,,,,,,,,,
lstm,client_0,9,10,0,,,,,,,,,,,
lstm,client_1,9,1,0,,,,,,,,,,,
lstm,client_1,9,2,0,,,,,,,,,,,
lstm,client_1,9,3,0,,,,,,,,,,,
lstm,client_1,9,4,0,,,,,,,,,,,
lstm,client_1,9,5,0,,,,,,,,,,,
lstm,client_1,9,6,0,,,,,,,,,,,
lstm,client_1,9,7,0,,,,,,,,,,,
lstm,client_1,9,8,0,,,,,,,,,,,
lstm,client_1,9,9,0,,,,,,,,,,,
lstm,client_1,9,10,0,,,,,,,,,,,
lstm,client_2,9,1,0,,,,,,,,,,,
lstm,client_2,9,2,0,,,,,,,,,,,
lstm,client_2,9,3,0,,,,,,,,,,,
lstm,client_2,9,4,0,,,,,,,,,,,
lstm,client_2,9,5,0,,,,,,,,,,,
lstm,client_2,9,6,0,,,,,,,,,,,
lstm,client_2,9,7,0,,,,,,,,,,,
lstm,client_2,9,8,0,,,,,,,,,,,
lstm,client_2,9,9,0,,,,,,,,,,,
lstm,client_2,9,10,0,,,,,,,,,,,
lstm,client_3,9,1,0,,,,,,,,,,,
lstm,client_3,9,2,0,,,,,,,,,,,
lstm,client_3,9,3,0,,,,,,,,,,,
lstm,client_3,9,4,0,,,,,,,,,,,
lstm,client_3,9,5,0,,,,,,,,,,,
lstm,client_3,9,6,0,,,,,,,,,,,
lstm,client_3,9,7,0,,,,,,,,,,,
lstm,client_3,9,8,0,,,,,,,,,,,
lstm,client_3,9,9,0,,,,,,,,,,,
lstm,client_3,9,10,0,,,,,,,,,,,
lstm,client_4,9,1,0,,,,,,,,,,,
lstm,client_4,9,2,0,,,,,,,,,,,
lstm,client_4,9,3,0,,,,,,,,,,,
lstm,client_4,9,4,0,,,,,,,,,,,
lstm,client_4,9,5,0,,,,,,,,,,,
lstm,client_4,9,6,0,,,,,,,,,,,
lstm,client_4,9,7,0,,,,,,,,,,,
lstm,client_4,9,8,0,,,,,,,,,,,
lstm,client_4,9,9,0,,,,,,,,,,,
lstm,client_4,9,10,0,,,,,,,,,,,
lstm,client_0,10,1,0,,,,,,,,,,,
lstm,client_0,10,2,0,,,,,,,,,,,
lstm,client_0,10,3,0,,,,,,,,,,,
lstm,client_0,10,4,0,,,,,,,,,,,
lstm,client_0,10,5,0,,,,,,,,,,,
lstm,client_0,10,6,0,,,,,,,,,,,
lstm,client_0,10,7,0,,,,,,,,,,,
lstm,client_0,10,8,0,,,,,,,,,,,
lstm,client_0,10,9,0,,,,,,,,,,,
lstm,client_0,10,10,0,,,,,,,,,,,
lstm,client_1,10,1,0,,,,,,,,,,,
lstm,client_1,10,2,0,,,,,,,,,,,
lstm,client_1,10,3,0,,,,,,,,,,,
lstm,client_1,10,4,0,,,,,,,,,,,
lstm,client_1,10,5,0,,,,,,,,,,,
lstm,client_1,10,6,0,,,,,,,,,,,
lstm,client_1,10,7,0,,,,,,,,,,,
lstm,client_1,10,8,0,,,,,,,,,,,
lstm,client_1,10,9,0,,,,,,,,,,,
lstm,client_1,10,10,0,,,,,,,,,,,
lstm,client_2,10,1,0,,,,,,,,,,,
lstm,client_2,10,2,0,,,,,,,,,,,
lstm,client_2,10,3,0,,,,,,,,,,,
lstm,client_2,10,4,0,,,,,,,,,,,
lstm,client_2,10,5,0,,,,,,,,,,,
lstm,client_2,10,6,0,,,,,,,,,,,
lstm,client_2,10,7,0,,,,,,,,,,,
lstm,client_2,10,8,0,,,,,,,,,,,
lstm,client_2,10,9,0,,,,,,,,,,,
lstm,client_2,10,10,0,,,,,,,,,,,
lstm,client_3,10,1,0,,,,,,,,,,,
lstm,client_3,10,2,0,,,,,,,,,,,
lstm,client_3,10,3,0,,,,,,,,,,,
lstm,client_3,10,4,0,,,,,,,,,,,
lstm,client_3,10,5,0,,,,,,,,,,,
lstm,client_3,10,6,0,,,,,,,,,,,
lstm,client_3,10,7,0,,,,,,,,,,,
lstm,client_3,10,8,0,,,,,,,,,,,
lstm,client_3,10,9,0,,,,,,,,,,,
lstm,client_3,10,10,0,,,,,,,,,,,
lstm,client_4,10,1,0,,,,,,,,,,,
lstm,client_4,10,2,0,,,,,,,,,,,
lstm,client_4,10,3,0,,,,,,,,,,,
lstm,client_4,10,4,0,,,,,,,,,,,
lstm,client_4,10,5,0,,,,,,,,,,,
lstm,client_4,10,6,0,,,,,,,,,,,
lstm,client_4,10,7,0,,,,,,,,,,,
lstm,client_4,10,8,0,,,,,,,,,,,
lstm,client_4,10,9,0,,,,,,,,,,,
lstm,client_4,10,10,0,,,,,,,,,,,
bilstm,client_0,1,1,0,,,,,,,,,,,
bilstm,client_0,1,2,0,,,,,,,,,,,
bilstm,client_0,1,3,0,,,,,,,,,,,
bilstm,client_0,1,4,0,,,,,,,,,,,
bilstm,client_0,1,5,0,,,,,,,,,,,
bilstm,client_0,1,6,0,,,,,,,,,,,
bilstm,client_0,1,7,0,,,,,,,,,,,
bilstm,client_0,1,8,0,,,,,,,,,,,
bilstm,client_0,1,9,0,,,,,,,,,,,
bilstm,client_0,1,10,0,,,,,,,,,,,
bilstm,client_1,1,1,0,,,,,,,,,,,
bilstm,client_1,1,2,0,,,,,,,,,,,
bilstm,client_1,1,3,0,,,,,,,,,,,
bilstm,client_1,1,4,0,,,,,,,,,,,
bilstm,client_1,1,5,0,,,,,,,,,,,
bilstm,client_1,1,6,0,,,,,,,,,,,
bilstm,client_1,1,7,0,,,,,,,,,,,
bilstm,client_1,1,8,0,,,,,,,,,,,
bilstm,client_1,1,9,0,,,,,,,,,,,
bilstm,client_1,1,10,0,,,,,,,,,,,
bilstm,client_2,1,1,0,,,,,,,,,,,
bilstm,client_2,1,2,0,,,,,,,,,,,
bilstm,client_2,1,3,0,,,,,,,,,,,
bilstm,client_2,1,4,0,,,,,,,,,,,
bilstm,client_2,1,5,0,,,,,,,,,,,
bilstm,client_2,1,6,0,,,,,,,,,,,
bilstm,client_2,1,7,0,,,,,,,,,,,
bilstm,client_2,1,8,0,,,,,,,,,,,
bilstm,client_2,1,9,0,,,,,,,,,,,
bilstm,client_2,1,10,0,,,,,,,,,,,
bilstm,client_3,1,1,0,,,,,,,,,,,
bilstm,client_3,1,2,0,,,,,,,,,,,
bilstm,client_3,1,3,0,,,,,,,,,,,
bilstm,client_3,1,4,0,,,,,,,,,,,
bilstm,client_3,1,5,0,,,,,,,,,,,
bilstm,client_3,1,6,0,,,,,,,,,,,
bilstm,client_3,1,7,0,,,,,,,,,,,
bilstm,client_3,1,8,0,,,,,,,,,,,
bilstm,client_3,1,9,0,,,,,,,,,,,
bilstm,client_3,1,10,0,,,,,,,,,,,
bilstm,client_4,1,1,0,,,,,,,,,,,
bilstm,client_4,1,2,0,,,,,,,,,,,
bilstm,client_4,1,3,0,,,,,,,,,,,
bilstm,client_4,1,4,0,,,,,,,,,,,
bilstm,client_4,1,5,0,,,,,,,,,,,
bilstm,client_4,1,6,0,,,,,,,,,,,
bilstm,client_4,1,7,0,,,,,,,,,,,
bilstm,client_4,1,8,0,,,,,,,,,,,
bilstm,client_4,1,9,0,,,,,,,,,,,
bilstm,client_4,1,10,0,,,,,,,,,,,
bilstm,client_0,2,1,0,,,,,,,,,,,
bilstm,client_0,2,2,0,,,,,,,,,,,
bilstm,client_0,2,3,0,,,,,,,,,,,
bilstm,client_0,2,4,0,,,,,,,,,,,
bilstm,client_0,2,5,0,,,,,,,,,,,
bilstm,client_0,2,6,0,,,,,,,,,,,
bilstm,client_0,2,7,0,,,,,,,,,,,
bilstm,client_0,2,8,0,,,,,,,,,,,
bilstm,client_0,2,9,0,,,,,,,,,,,
bilstm,client_0,2,10,0,,,,,,,,,,,
bilstm,client_1,2,1,0,,,,,,,,,,,
bilstm,client_1,2,2,0,,,,,,,,,,,
bilstm,client_1,2,3,0,,,,,,,,,,,
bilstm,client_1,2,4,0,,,,,,,,,,,
bilstm,client_1,2,5,0,,,,,,,,,,,
bilstm,client_1,2,6,0,,,,,,,,,,,
bilstm,client_1,2,7,0,,,,,,,,,,,
bilstm,client_1,2,8,0,,,,,,,,,,,
bilstm,client_1,2,9,0,,,,,,,,,,,
bilstm,client_1,2,10,0,,,,,,,,,,,
bilstm,client_2,2,1,0,,,,,,,,,,,
bilstm,client_2,2,2,0,,,,,,,,,,,
bilstm,client_2,2,3,0,,,,,,,,,,,
bilstm,client_2,2,4,0,,,,,,,,,,,
bilstm,client_2,2,5,0,,,,,,,,,,,
bilstm,client_2,2,6,0,,,,,,,,,,,
bilstm,client_2,2,7,0,,,,,,,,,,,
bilstm,client_2,2,8,0,,,,,,,,,,,
bilstm,client_2,2,9,0,,,,,,,,,,,
bilstm,client_2,2,10,0,,,,,,,,,,,
bilstm,client_3,2,1,0,,,,,,,,,,,
bilstm,client_3,2,2,0,,,,,,,,,,,
bilstm,client_3,2,3,0,,,,,,,,,,,
bilstm,client_3,2,4,0,,,,,,,,,,,
bilstm,client_3,2,5,0,,,,,,,,,,,
bilstm,client_3,2,6,0,,,,,,,,,,,
bilstm,client_3,2,7,0,,,,,,,,,,,
bilstm,client_3,2,8,0,,,,,,,,,,,
bilstm,client_3,2,9,0,,,,,,,,,,,
bilstm,client_3,2,10,0,,,,,,,,,,,
bilstm,client_4,2,1,0,,,,,,,,,,,
bilstm,client_4,2,2,0,,,,,,,,,,,
bilstm,client_4,2,3,0,,,,,,,,,,,
bilstm,client_4,2,4,0,,,,,,,,,,,
bilstm,client_4,2,5,0,,,,,,,,,,,
bilstm,client_4,2,6,0,,,,,,,,,,,
bilstm,client_4,2,7,0,,,,,,,,,,,
bilstm,client_4,2,8,0,,,,,,,,,,,
bilstm,client_4,2,9,0,,,,,,,,,,,
bilstm,client_4,2,10,0,,,,,,,,,,,
bilstm,client_0,3,1,0,,,,,,,,,,,
bilstm,client_0,3,2,0,,,,,,,,,,,
bilstm,client_0,3,3,0,,,,,,,,,,,
bilstm,client_0,3,4,0,,,,,,,,,,,
bilstm,client_0,3,5,0,,,,,,,,,,,
bilstm,client_0,3,6,0,,,,,,,,,,,
bilstm,client_0,3,7,0,,,,,,,,,,,
bilstm,client_0,3,8,0,,,,,,,,,,,
bilstm,client_0,3,9,0,,,,,,,,,,,
bilstm,client_0,3,10,0,,,,,,,,,,,
bilstm,client_1,3,1,0,,,,,,,,,,,
bilstm,client_1,3,2,0,,,,,,,,,,,
bilstm,client_1,3,3,0,,,,,,,,,,,
bilstm,client_1,3,4,0,,,,,,,,,,,
bilstm,client_1,3,5,0,,,,,,,,,,,
bilstm,client_1,3,6,0,,,,,,,,,,,
bilstm,client_1,3,7,0,,,,,,,,,,,
bilstm,client_1,3,8,0,,,,,,,,,,,
bilstm,client_1,3,9,0,,,,,,,,,,,
bilstm,client_1,3,10,0,,,,,,,,,,,
bilstm,client_2,3,1,0,,,,,,,,,,,
bilstm,client_2,3,2,0,,,,,,,,,,,
bilstm,client_2,3,3,0,,,,,,,,,,,
bilstm,client_2,3,4,0,,,,,,,,,,,
bilstm,client_2,3,5,0,,,,,,,,,,,
bilstm,client_2,3,6,0,,,,,,,,,,,
bilstm,client_2,3,7,0,,,,,,,,,,,
bilstm,client_2,3,8,0,,,,,,,,,,,
bilstm,client_2,3,9,0,,,,,,,,,,,
bilstm,client_2,3,10,0,,,,,,,,,,,
bilstm,client_3,3,1,0,,,,,,,,,,,
bilstm,client_3,3,2,0,,,,,,,,,,,
bilstm,client_3,3,3,0,,,,,,,,,,,
bilstm,client_3,3,4,0,,,,,,,,,,,
bilstm,client_3,3,5,0,,,,,,,,,,,
bilstm,client_3,3,6,0,,,,,,,,,,,
bilstm,client_3,3,7,0,,,,,,,,,,,
bilstm,client_3,3,8,0,,,,,,,,,,,
bilstm,client_3,3,9,0,,,,,,,,,,,
bilstm,client_3,3,10,0,,,,,,,,,,,
bilstm,client_4,3,1,0,,,,,,,,,,,
bilstm,client_4,3,2,0,,,,,,,,,,,
bilstm,client_4,3,3,0,,,,,,,,,,,
bilstm,client_4,3,4,0,,,,,,,,,,,
bilstm,client_4,3,5,0,,,,,,,,,,,
bilstm,client_4,3,6,0,,,,,,,,,,,
bilstm,client_4,3,7,0,,,,,,,,,,,
bilstm,client_4,3,8,0,,,,,,,,,,,
bilstm,client_4,3,9,0,,,,,,,,,,,
bilstm,client_4,3,10,0,,,,,,,,,,,
bilstm,client_0,4,1,0,,,,,,,,,,,
bilstm,client_0,4,2,0,,,,,,,,,,,
bilstm,client_0,4,3,0,,,,,,,,,,,
bilstm,client_0,4,4,0,,,,,,,,,,,
bilstm,client_0,4,5,0,,,,,,,,,,,
bilstm,client_0,4,6,0,,,,,,,,,,,
bilstm,client_0,4,7,0,,,,,,,,,,,
bilstm,client_0,4,8,0,,,,,,,,,,,
bilstm,client_0,4,9,0,,,,,,,,,,,
bilstm,client_0,4,10,0,,,,,,,,,,,
bilstm,client_1,4,1,0,,,,,,,,,,,
bilstm,client_1,4,2,0,,,,,,,,,,,
bilstm,client_1,4,3,0,,,,,,,,,,,
bilstm,client_1,4,4,0,,,,,,,,,,,
bilstm,client_1,4,5,0,,,,,,,,,,,
bilstm,client_1,4,6,0,,,,,,,,,,,
bilstm,client_1,4,7,0,,,,,,,,,,,
bilstm,client_1,4,8,0,,,,,,,,,,,
bilstm,client_1,4,9,0,,,,,,,,,,,
bilstm,client_1,4,10,0,,,,,,,,,,,
bilstm,client_2,4,1,0,,,,,,,,,,,
bilstm,client_2,4,2,0,,,,,,,,,,,
bilstm,client_2,4,3,0,,,,,,,,,,,
bilstm,client_2,4,4,0,,,,,,,,,,,
bilstm,client_2,4,5,0,,,,,,,,,,,
bilstm,client_2,4,6,0,,,,,,,,,,,
bilstm,client_2,4,7,0,,,,,,,,,,,
bilstm,client_2,4,8,0,,,,,,,,,,,
bilstm,client_2,4,9,0,,,,,,,,,,,
bilstm,client_2,4,10,0,,,,,,,,,,,
bilstm,client_3,4,1,0,,,,,,,,,,,
bilstm,client_3,4,2,0,,,,,,,,,,,
bilstm,client_3,4,3,0,,,,,,,,,,,
bilstm,client_3,4,4,0,,,,,,,,,,,
bilstm,client_3,4,5,0,,,,,,,,,,,
bilstm,client_3,4,6,0,,,,,,,,,,,
bilstm,client_3,4,7,0,,,,,,,,,,,
bilstm,client_3,4,8,0,,,,,,,,,,,
bilstm,client_3,4,9,0,,,,,,,,,,,
bilstm,client_3,4,10,0,,,,,,,,,,,
bilstm,client_4,4,1,0,,,,,,,,,,,
bilstm,client_4,4,2,0,,,,,,,,,,,
bilstm,client_4,4,3,0,,,,,,,,,,,
bilstm,client_4,4,4,0,,,,,,,,,,,
bilstm,client_4,4,5,0,,,,,,,,,,,
bilstm,client_4,4,6,0,,,,,,,,,,,
bilstm,client_4,4,7,0,,,,,,,,,,,
bilstm,client_4,4,8,0,,,,,,,,,,,
bilstm,client_4,4,9,0,,,,,,,,,,,
bilstm,client_4,4,10,0,,,,,,,,,,,
bilstm,client_0,5,1,0,,,,,,,,,,,
bilstm,client_0,5,2,0,,,,,,,,,,,
bilstm,client_0,5,3,0,,,,,,,,,,,
bilstm,client_0,5,4,0,,,,,,,,,,,
bilstm,client_0,5,5,0,,,,,,,,,,,
bilstm,client_0,5,6,0,,,,,,,,,,,
bilstm,client_0,5,7,0,,,,,,,,,,,
bilstm,client_0,5,8,0,,,,,,,,,,,
bilstm,client_0,5,9,0,,,,,,,,,,,
bilstm,client_0,5,10,0,,,,,,,,,,,
bilstm,client_1,5,1,0,,,,,,,,,,,
bilstm,client_1,5,2,0,,,,,,,,,,,
bilstm,client_1,5,3,0,,,,,,,,,,,
bilstm,client_1,5,4,0,,,,,,,,,,,
bilstm,client_1,5,5,0,,,,,,,,,,,
bilstm,client_1,5,6,0,,,,,,,,,,,
bilstm,client_1,5,7,0,,,,,,,,,,,
bilstm,client_1,5,8,0,,,,,,,,,,,
bilstm,client_1,5,9,0,,,,,,,,,,,
bilstm,client_1,5,10,0,,,,,,,,,,,
bilstm,client_2,5,1,0,,,,,,,,,,,
bilstm,client_2,5,2,0,,,,,,,,,,,
bilstm,client_2,5,3,0,,,,,,,,,,,
bilstm,client_2,5,4,0,,,,,,,,,,,
bilstm,client_2,5,5,0,,,,,,,,,,,
bilstm,client_2,5,6,0,,,,,,,,,,,
bilstm,client_2,5,7,0,,,,,,,,,,,
bilstm,client_2,5,8,0,,,,,,,,,,,
bilstm,client_2,5,9,0,,,,,,,,,,,
bilstm,client_2,5,10,0,,,,,,,,,,,
bilstm,client_3,5,1,0,,,,,,,,,,,
bilstm,client_3,5,2,0,,,,,,,,,,,
bilstm,client_3,5,3,0,,,,,,,,,,,
bilstm,client_3,5,4,0,,,,,,,,,,,
bilstm,client_3,5,5,0,,,,,,,,,,,
bilstm,client_3,5,6,0,,,,,,,,,,,
bilstm,client_3,5,7,0,,,,,,,,,,,
bilstm,client_3,5,8,0,,,,,,,,,,,
bilstm,client_3,5,9,0,,,,,,,,,,,
bilstm,client_3,5,10,0,,,,,,,,,,,
bilstm,client_4,5,1,0,,,,,,,,,,,
bilstm,client_4,5,2,0,,,,,,,,,,,
bilstm,client_4,5,3,0,,,,,,,,,,,
bilstm,client_4,5,4,0,,,,,,,,,,,
bilstm,client_4,5,5,0,,,,,,,,,,,
bilstm,client_4,5,6,0,,,,,,,,,,,
bilstm,client_4,5,7,0,,,,,,,,,,,
bilstm,client_4,5,8,0,,,,,,,,,,,
bilstm,client_4,5,9,0,,,,,,,,,,,
bilstm,client_4,5,10,0,,,,,,,,,,,
bilstm,client_0,6,1,0,,,,,,,,,,,
bilstm,client_0,6,2,0,,,,,,,,,,,
bilstm,client_0,6,3,0,,,,,,,,,,,
bilstm,client_0,6,4,0,,,,,,,,,,,
bilstm,client_0,6,5,0,,,,,,,,,,,
bilstm,client_0,6,6,0,,,,,,,,,,,
bilstm,client_0,6,7,0,,,,,,,,,,,
bilstm,client_0,6,8,0,,,,,,,,,,,
bilstm,client_0,6,9,0,,,,,,,,,,,
bilstm,client_0,6,10,0,,,,,,,,,,,
bilstm,client_1,6,1,0,,,,,,,,,,,
bilstm,client_1,6,2,0,,,,,,,,,,,
bilstm,client_1,6,3,0,,,,,,,,,,,
bilstm,client_1,6,4,0,,,,,,,,,,,
bilstm,client_1,6,5,0,,,,,,,,,,,
bilstm,client_1,6,6,0,,,,,,,,,,,
bilstm,client_1,6,7,0,,,,,,,,,,,
bilstm,client_1,6,8,0,,,,,,,,,,,
bilstm,client_1,6,9,0,,,,,,,,,,,
bilstm,client_1,6,10,0,,,,,,,,,,,
bilstm,client_2,6,1,0,,,,,,,,,,,
bilstm,client_2,6,2,0,,,,,,,,,,,
bilstm,client_2,6,3,0,,,,,,,,,,,
bilstm,client_2,6,4,0,,,,,,,,,,,
bilstm,client_2,6,5,0,,,,,,,,,,,
bilstm,client_2,6,6,0,,,,,,,,,,,
bilstm,client_2,6,7,0,,,,,,,,,,,
bilstm,client_2,6,8,0,,,,,,,,,,,
bilstm,client_2,6,9,0,,,,,,,,,,,
bilstm,client_2,6,10,0,,,,,,,,,,,
bilstm,client_3,6,1,0,,,,,,,,,,,
bilstm,client_3,6,2,0,,,,,,,,,,,
bilstm,client_3,6,3,0,,,,,,,,,,,
bilstm,client_3,6,4,0,,,,,,,,,,,
bilstm,client_3,6,5,0,,,,,,,,,,,
bilstm,client_3,6,6,0,,,,,,,,,,,
bilstm,client_3,6,7,0,,,,,,,,,,,
bilstm,client_3,6,8,0,,,,,,,,,,,
bilstm,client_3,6,9,0,,,,,,,,,,,
bilstm,client_3,6,10,0,,,,,,,,,,,
bilstm,client_4,6,1,0,,,,,,,,,,,
bilstm,client_4,6,2,0,,,,,,,,,,,
bilstm,client_4,6,3,0,,,,,,,,,,,
bilstm,client_4,6,4,0,,,,,,,,,,,
bilstm,client_4,6,5,0,,,,,,,,,,,
bilstm,client_4,6,6,0,,,,,,,,,,,
bilstm,client_4,6,7,0,,,,,,,,,,,
bilstm,client_4,6,8,0,,,,,,,,,,,
bilstm,client_4,6,9,0,,,,,,,,,,,
bilstm,client_4,6,10,0,,,,,,,,,,,
bilstm,client_0,7,1,0,,,,,,,,,,,
bilstm,client_0,7,2,0,,,,,,,,,,,
bilstm,client_0,7,3,0,,,,,,,,,,,
bilstm,client_0,7,4,0,,,,,,,,,,,
bilstm,client_0,7,5,0,,,,,,,,,,,
bilstm,client_0,7,6,0,,,,,,,,,,,
bilstm,client_0,7,7,0,,,,,,,,,,,
bilstm,client_0,7,8,0,,,,,,,,,,,
bilstm,client_0,7,9,0,,,,,,,,,,,
bilstm,client_0,7,10,0,,,,,,,,,,,
bilstm,client_1,7,1,0,,,,,,,,,,,
bilstm,client_1,7,2,0,,,,,,,,,,,
bilstm,client_1,7,3,0,,,,,,,,,,,
bilstm,client_1,7,4,0,,,,,,,,,,,
bilstm,client_1,7,5,0,,,,,,,,,,,
bilstm,client_1,7,6,0,,,,,,,,,,,
bilstm,client_1,7,7,0,,,,,,,,,,,
bilstm,client_1,7,8,0,,,,,,,,,,,
bilstm,client_1,7,9,0,,,,,,,,,,,
bilstm,client_1,7,10,0,,,,,,,,,,,
bilstm,client_2,7,1,0,,,,,,,,,,,
bilstm,client_2,7,2,0,,,,,,,,,,,
bilstm,client_2,7,3,0,,,,,,,,,,,
bilstm,client_2,7,4,0,,,,,,,,,,,
bilstm,client_2,7,5,0,,,,,,,,,,,
bilstm,client_2,7,6,0,,,,,,,,,,,
bilstm,client_2,7,7,0,,,,,,,,,,,
bilstm,client_2,7,8,0,,,,,,,,,,,
bilstm,client_2,7,9,0,,,,,,,,,,,
bilstm,client_2,7,10,0,,,,,,,,,,,
bilstm,client_3,7,1,0,,,,,,,,,,,
bilstm,client_3,7,2,0,,,,,,,,,,,
bilstm,client_3,7,3,0,,,,,,,,,,,
bilstm,client_3,7,4,0,,,,,,,,,,,
bilstm,client_3,7,5,0,,,,,,,,,,,
bilstm,client_3,7,6,0,,,,,,,,,,,
bilstm,client_3,7,7,0,,,,,,,,,,,
bilstm,client_3,7,8,0,,,,,,,,,,,
bilstm,client_3,7,9,0,,,,,,,,,,,
bilstm,client_3,7,10,0,,,,,,,,,,,
bilstm,client_4,7,1,0,,,,,,,,,,,
bilstm,client_4,7,2,0,,,,,,,,,,,
bilstm,client_4,7,3,0,,,,,,,,,,,
bilstm,client_4,7,4,0,,,,,,,,,,,
bilstm,client_4,7,5,0,,,,,,,,,,,
bilstm,client_4,7,6,0,,,,,,,,,,,
bilstm,client_4,7,7,0,,,,,,,,,,,
bilstm,client_4,7,8,0,,,,,,,,,,,
bilstm,client_4,7,9,0,,,,,,,,,,,
bilstm,client_4,7,10,0,,,,,,,,,,,
bilstm,client_0,8,1,0,,,,,,,,,,,
bilstm,client_0,8,2,0,,,,,,,,,,,
bilstm,client_0,8,3,0,,,,,,,,,,,
bilstm,client_0,8,4,0,,,,,,,,,,,
bilstm,client_0,8,5,0,,,,,,,,,,,
bilstm,client_0,8,6,0,,,,,,,,,,,
bilstm,client_0,8,7,0,,,,,,,,,,,
bilstm,client_0,8,8,0,,,,,,,,,,,
bilstm,client_0,8,9,0,,,,,,,,,,,
bilstm,client_0,8,10,0,,,,,,,,,,,
bilstm,client_1,8,1,0,,,,,,,,,,,
bilstm,client_1,8,2,0,,,,,,,,,,,
bilstm,client_1,8,3,0,,,,,,,,,,,
bilstm,client_1,8,4,0,,,,,,,,,,,
bilstm,client_1,8,5,0,,,,,,,,,,,
bilstm,client_1,8,6,0,,,,,,,,,,,
bilstm,client_1,8,7,0,,,,,,,,,,,
bilstm,client_1,8,8,0,,,,,,,,,,,
bilstm,client_1,8,9,0,,,,,,,,,,,
bilstm,client_1,8,10,0,,,,,,,,,,,
bilstm,client_2,8,1,0,,,,,,,,,,,
bilstm,client_2,8,2,0,,,,,,,,,,,
bilstm,client_2,8,3,0,,,,,,,,,,,
bilstm,client_2,8,4,0,,,,,,,,,,,
bilstm,client_2,8,5,0,,,,,,,,,,,
bilstm,client_2,8,6,0,,,,,,,,,,,
bilstm,client_2,8,7,0,,,,,,,,,,,
bilstm,client_2,8,8,0,,,,,,,,,,,
bilstm,client_2,8,9,0,,,,,,,,,,,
bilstm,client_2,8,10,0,,,,,,,,,,,
bilstm,client_3,8,1,0,,,,,,,,,,,
bilstm,client_3,8,2,0,,,,,,,,,,,
bilstm,client_3,8,3,0,,,,,,,,,,,
bilstm,client_3,8,4,0,,,,,,,,,,,
bilstm,client_3,8,5,0,,,,,,,,,,,
bilstm,client_3,8,6,0,,,,,,,,,,,
bilstm,client_3,8,7,0,,,,,,,,,,,
bilstm,client_3,8,8,0,,,,,,,,,,,
bilstm,client_3,8,9,0,,,,,,,,,,,
bilstm,client_3,8,10,0,,,,,,,,,,,
bilstm,client_4,8,1,0,,,,,,,,,,,
bilstm,client_4,8,2,0,,,,,,,,,,,
bilstm,client_4,8,3,0,,,,,,,,,,,
bilstm,client_4,8,4,0,,,,,,,,,,,
bilstm,client_4,8,5,0,,,,,,,,,,,
bilstm,client_4,8,6,0,,,,,,,,,,,
bilstm,client_4,8,7,0,,,,,,,,,,,
bilstm,client_4,8,8,0,,,,,,,,,,,
bilstm,client_4,8,9,0,,,,,,,,,,,
bilstm,client_4,8,10,0,,,,,,,,,,,
bilstm,client_0,9,1,0,,,,,,,,,,,
bilstm,client_0,9,2,0,,,,,,,,,,,
bilstm,client_0,9,3,0,,,,,,,,,,,
bilstm,client_0,9,4,0,,,,,,,,,,,
bilstm,client_0,9,5,0,,,,,,,,,,,
bilstm,client_0,9,6,0,,,,,,,,,,,
bilstm,client_0,9,7,0,,,,,,,,,,,
bilstm,client_0,9,8,0,,,,,,,,,,,
bilstm,client_0,9,9,0,,,,,,,,,,,
bilstm,client_0,9,10,0,,,,,,,,,,,
bilstm,client_1,9,1,0,,,,,,,,,,,
bilstm,client_1,9,2,0,,,,,,,,,,,
bilstm,client_1,9,3,0,,,,,,,,,,,
bilstm,client_1,9,4,0,,,,,,,,,,,
bilstm,client_1,9,5,0,,,,,,,,,,,
bilstm,client_1,9,6,0,,,,,,,,,,,
bilstm,client_1,9,7,0,,,,,,,,,,,
bilstm,client_1,9,8,0,,,,,,,,,,,
bilstm,client_1,9,9,0,,,,,,,,,,,
bilstm,client_1,9,10,0,,,,,,,,,,,
bilstm,client_2,9,1,0,,,,,,,,,,,
bilstm,client_2,9,2,0,,,,,,,,,,,
bilstm,client_2,9,3,0,,,,,,,,,,,
bilstm,client_2,9,4,0,,,,,,,,,,,
bilstm,client_2,9,5,0,,,,,,,,,,,
bilstm,client_2,9,6,0,,,,,,,,,,,
bilstm,client_2,9,7,0,,,,,,,,,,,
bilstm,client_2,9,8,0,,,,,,,,,,,
bilstm,client_2,9,9,0,,,,,,,,,,,
bilstm,client_2,9,10,0,,,,,,,,,,,
bilstm,client_3,9,1,0,,,,,,,,,,,
bilstm,client_3,9,2,0,,,,,,,,,,,
bilstm,client_3,9,3,0,,,,,,,,,,,
bilstm,client_3,9,4,0,,,,,,,,,,,
bilstm,client_3,9,5,0,,,,,,,,,,,
bilstm,client_3,9,6,0,,,,,,,,,,,
bilstm,client_3,9,7,0,,,,,,,,,,,
bilstm,client_3,9,8,0,,,,,,,,,,,
bilstm,client_3,9,9,0,,,,,,,,,,,
bilstm,client_3,9,10,0,,,,,,,,,,,
bilstm,client_4,9,1,0,,,,,,,,,,,
bilstm,client_4,9,2,0,,,,,,,,,,,
bilstm,client_4,9,3,0,,,,,,,,,,,
bilstm,client_4,9,4,0,,,,,,,,,,,
bilstm,client_4,9,5,0,,,,,,,,,,,
bilstm,client_4,9,6,0,,,,,,,,,,,
bilstm,client_4,9,7,0,,,,,,,,,,,
bilstm,client_4,9,8,0,,,,,,,,,,,
bilstm,client_4,9,9,0,,,,,,,,,,,
bilstm,client_4,9,10,0,,,,,,,,,,,
bilstm,client_0,10,1,0,,,,,,,,,,,
bilstm,client_0,10,2,0,,,,,,,,,,,
bilstm,client_0,10,3,0,,,,,,,,,,,
bilstm,client_0,10,4,0,,,,,,,,,,,
bilstm,client_0,10,5,0,,,,,,,,,,,
bilstm,client_0,10,6,0,,,,,,,,,,,
bilstm,client_0,10,7,0,,,,,,,,,,,
bilstm,client_0,10,8,0,,,,,,,,,,,
bilstm,client_0,10,9,0,,,,,,,,,,,
bilstm,client_0,10,10,0,,,,,,,,,,,
bilstm,client_1,10,1,0,,,,,,,,,,,
bilstm,client_1,10,2,0,,,,,,,,,,,
bilstm,client_1,10,3,0,,,,,,,,,,,
bilstm,client_1,10,4,0,,,,,,,,,,,
bilstm,client_1,10,5,0,,,,,,,,,,,
bilstm,client_1,10,6,0,,,,,,,,,,,
bilstm,client_1,10,7,0,,,,,,,,,,,
bilstm,client_1,10,8,0,,,,,,,,,,,
bilstm,client_1,10,9,0,,,,,,,,,,,
bilstm,client_1,10,10,0,,,,,,,,,,,
bilstm,client_2,10,1,0,,,,,,,,,,,
bilstm,client_2,10,2,0,,,,,,,,,,,
bilstm,client_2,10,3,0,,,,,,,,,,,
bilstm,client_2,10,4,0,,,,,,,,,,,
bilstm,client_2,10,5,0,,,,,,,,,,,
bilstm,client_2,10,6,0,,,,,,,,,,,
bilstm,client_2,10,7,0,,,,,,,,,,,
bilstm,client_2,10,8,0,,,,,,,,,,,
bilstm,client_2,10,9,0,,,,,,,,,,,
bilstm,client_2,10,10,0,,,,,,,,,,,
bilstm,client_3,10,1,0,,,,,,,,,,,
bilstm,client_3,10,2,0,,,,,,,,,,,
bilstm,client_3,10,3,0,,,,,,,,,,,
bilstm,client_3,10,4,0,,,,,,,,,,,
bilstm,client_3,10,5,0,,,,,,,,,,,
bilstm,client_3,10,6,0,,,,,,,,,,,
bilstm,client_3,10,7,0,,,,,,,,,,,
bilstm,client_3,10,8,0,,,,,,,,,,,
bilstm,client_3,10,9,0,,,,,,,,,,,
bilstm,client_3,10,10,0,,,,,,,,,,,
bilstm,client_4,10,1,0,,,,,,,,,,,
bilstm,client_4,10,2,0,,,,,,,,,,,
bilstm,client_4,10,3,0,,,,,,,,,,,
bilstm,client_4,10,4,0,,,,,,,,,,,
bilstm,client_4,10,5,0,,,,,,,,,,,
bilstm,client_4,10,6,0,,,,,,,,,,,
bilstm,client_4,10,7,0,,,,,,,,,,,
bilstm,client_4,10,8,0,,,,,,,,,,,
bilstm,client_4,10,9,0,,,,,,,,,,,
bilstm,client_4,10,10,0,,,,,,,,,,,
